Domain,MBFC,MBFC factual,BF,FC,PF,WI,factual,rating
100percentfedup.com,FN,L,,,,,left,fake-news
10news.one,FN,L,,,,,left,fake-news
12minutos.com,FN,L,1.0,,,,left,fake-news
21stcenturywire.com,CP,M,,,,,mixed,conspiracy-pseudoscience
24aktuelles.com,,,1.0,,,,unknown,BF1
369news.net,CP,M,,,,,mixed,conspiracy-pseudoscience
79days.news,CP,VL,,,,,very-low,conspiracy-pseudoscience
911truth.org,CP,L,,,,,left,conspiracy-pseudoscience
a-news24.com,,,,,fake-news,,unknown,fake-news
aapsonline.org,FN,L,,,,,left,fake-news
abcbusinessnews.com,FN,M,,,,,mixed,fake-news
abovetopsecret.com,CP,L,,,,,left,conspiracy-pseudoscience
acpeds.org,FN,M,,,,,mixed,fake-news
activistpost.com,CP,L,,,,,left,conspiracy-pseudoscience
actualite.co,,,1.0,,,,unknown,BF1
adflegal.org,FN,L,,,,,left,fake-news
adobochronicles.com,S,,1.0,,,,unknown,satire
ae911truth.org,CP,M,,,,,mixed,conspiracy-pseudoscience
afa.net,FN,L,,,,,left,fake-news
aim4truth.org,CP,M,,,,,mixed,conspiracy-pseudoscience
albawaba.com,FN,M,,,,,mixed,fake-news
alexanderhiggins.com,CP,M,,,,,mixed,conspiracy-pseudoscience
allianceforadvancedhealth.com,CP,M,,,,,mixed,conspiracy-pseudoscience
allnewspipeline.com,FN,L,,,,,left,fake-news
alphanewsmn.com,FN,L,,,,,left,fake-news
alt-market.com,CP,M,,,,,mixed,conspiracy-pseudoscience
alternativenews.com,CP,L,,,,,left,conspiracy-pseudoscience
althealthworks.com,CP,L,,,,,left,conspiracy-pseudoscience
america.cgtn.com,FN,M,,,,,mixed,fake-news
americanactionnews.com,FN,M,,,,,mixed,fake-news
americandigitalnews.com,CP,M,,,,,mixed,conspiracy-pseudoscience
americanfreepress.net,CP,L,,,,,left,conspiracy-pseudoscience
americanjournalreview.com,FN,L,,1.0,,,left,fake-news
americanlookout.com,FN,L,,,,,left,fake-news
americanpatriotdaily.com,FN,M,,,,,mixed,fake-news
americanpeopledaily.com,FN,L,,,,,left,fake-news
americanprinciplesproject.org,FN,L,,,,,left,fake-news
americansfortruth.com,FN,VL,,,,,very-low,fake-news
americanthinker.com,FN,L,,,,,left,fake-news
americantruthtoday.com,FN,L,,,,,left,fake-news
americasfreedomfighters.com,FN,VL,,1.0,,,very-low,fake-news
amren.com,FN,L,,,,,left,fake-news
amtvmedia.com,CP,L,,,,,left,conspiracy-pseudoscience
analyzingamerica.org,FN,M,,,,,mixed,fake-news
ancient-code.com,CP,M,,,,,mixed,conspiracy-pseudoscience
ancient-origins.net,CP,M,,,,,mixed,conspiracy-pseudoscience
anh-usa.org,CP,M,,,,,mixed,conspiracy-pseudoscience
anonews.co,FN,M,,,,,mixed,fake-news
anonhq.com,CP,VL,,,,,very-low,conspiracy-pseudoscience
apost.com,CP,M,,,,,mixed,conspiracy-pseudoscience
arabnews.com,FN,M,,,,,mixed,fake-news
archaeology-world.com,FN,M,,,,,mixed,fake-news
asia-pacificresearch.com,CP,M,,,,,mixed,conspiracy-pseudoscience
assassinationscience.com,CP,L,,,,,left,conspiracy-pseudoscience
auburntimes.com,FN,M,,,,,mixed,fake-news
australiannationalreview.com,CP,L,,,,,left,conspiracy-pseudoscience
autismspeaks.org,CP,M,,,,,mixed,conspiracy-pseudoscience
avoiceformen.com,FN,L,,,,,left,fake-news
awarenessact.com,CP,L,,,some-fake,,left,conspiracy-pseudoscience
awm.com,FN,M,,,,,mixed,fake-news
baldwintimes.com,FN,M,,,,,mixed,fake-news
banned.video,CP,VL,,,,,very-low,conspiracy-pseudoscience
barenakedislam.com,FN,L,,,,,left,fake-news
basnews.com,FN,M,,,,,mixed,fake-news
bb4sp.com,FN,L,,,fake-news,,left,fake-news
bdnews24.com,FN,M,,,,,mixed,fake-news
bebest.website,,,1.0,,,,unknown,BF1
beforeitsnews.com,FN,L,,,fake-news,1.0,left,fake-news
beholdisrael.org,CP,M,,,,,mixed,conspiracy-pseudoscience
benjaminfulford.typepad.com,,,,,fake-news,,unknown,fake-news
biggovernment.news,CP,VL,,,,,very-low,conspiracy-pseudoscience
bigleaguepolitics.com,FN,L,,,,,left,fake-news
billionbibles.org,FN,VL,,,,,very-low,fake-news
biodefense.com,CP,VL,,,,,very-low,conspiracy-pseudoscience
biologos.org,CP,M,,,,,mixed,conspiracy-pseudoscience
bipartisanreport.com,FN,M,,,,,mixed,fake-news
bitchute.com,FN,VL,,,,,very-low,fake-news
blackeyepolitics.com,FN,L,,,,,left,fake-news
blackgenocide.org,FN,L,,,,,left,fake-news
blacklistednews.com,CP,M,,,,,mixed,conspiracy-pseudoscience
blacknews.com,FN,M,,,,,mixed,fake-news
blingnews.com,FN,L,,1.0,,,left,fake-news
bluntforcetruth.com,FN,L,,,,,left,fake-news
bongino.com,FN,M,,,,,mixed,fake-news
bossip.com,FN,M,,,,,mixed,fake-news
bostonleader.com,,,1.0,,parody,,unknown,parody
breaking911.com,FN,VL,,,,,very-low,fake-news
breakingchristiannews.com,FN,L,,,,,left,fake-news
breakingfirst.com,FN,L,,,,,left,fake-news
breakingnews247.net,,,1.0,,imposter,,unknown,imposter
breakingnews365.net,,,1.0,,imposter,,unknown,imposter
breakingwide.com,FN,M,,,,,mixed,fake-news
breitbart.com,FN,M,,,,,mixed,fake-news
brightside.me,CP,M,,,,,mixed,conspiracy-pseudoscience
buffalochronicle.com,FN,M,,,,,mixed,fake-news
bugout.news,CP,VL,,,,,very-low,conspiracy-pseudoscience
burrardstreetjournal.com,S,,1.0,,,,unknown,satire
bvanews.com,,,,,,1.0,unknown,unknown
cair.com,FN,M,,,,,mixed,fake-news
caixinglobal.com,FN,M,,,,,mixed,fake-news
caldronpool.com,FN,M,,,,,mixed,fake-news
campusinsanity.com,CP,VL,,,,,very-low,conspiracy-pseudoscience
canadafreepress.com,FN,L,,,,,left,fake-news
cancer.news,CP,VL,,,,,very-low,conspiracy-pseudoscience
cannasos.com,,,,,some-fake,,unknown,some-fake
cap-news.com,FN,VL,,,,,very-low,fake-news
carm.org,CP,L,,,,,left,conspiracy-pseudoscience
catholic.org,CP,M,,,,,mixed,conspiracy-pseudoscience
cei.org,FN,L,,,,,left,fake-news
censored.news,FN,L,,,,,left,fake-news
centerforsecuritypolicy.org,FN,M,,,,,mixed,fake-news
cernovich.com,FN,M,,,,,mixed,fake-news
cfact.org,CP,L,,,,,left,conspiracy-pseudoscience
channel18news.com,,,1.0,,imposter,,unknown,imposter
channel22news.com,,,1.0,,,,unknown,BF1
channel23news.com,,,1.0,1.0,,,unknown,BF1
channel24news.com,,,1.0,,imposter,,unknown,imposter
channel28news.com,,,1.0,,,,unknown,BF1
channel33news.com,,,1.0,,,,unknown,BF1
channel34news.com,,,1.0,,,,unknown,BF1
channel40news.com,,,1.0,,,,unknown,BF1
channel45news.com,,,1.0,,,,unknown,BF1
channel46news.com,,,1.0,,,,unknown,BF1
charismanews.com,CP,M,,,,,mixed,conspiracy-pseudoscience
childrenshealthdefense.org,CP,L,,,,,left,conspiracy-pseudoscience
chinadaily.com.cn,FN,M,,,,,mixed,fake-news
chlorellafactor.com,CP,VL,,,,,very-low,conspiracy-pseudoscience
christianaction.org,FN,L,,,,,left,fake-news
christianscience.com,CP,L,,,,,left,conspiracy-pseudoscience
churchmilitant.com,FN,M,,,,,mixed,fake-news
cityworldnews.com,FN,VL,,,,,very-low,fake-news
clarionproject.org,FN,L,,,,,left,fake-news
clashdaily.com,FN,L,,,fake-news,,left,fake-news
climate.news,FN,VL,,,,,very-low,fake-news
climatechangedispatch.com,CP,L,,,,,left,conspiracy-pseudoscience
climatedepot.com,CP,M,,,,,mixed,conspiracy-pseudoscience
climatism.blog,CP,L,,,,,left,conspiracy-pseudoscience
cloverchronicle.com,FN,L,,,,,left,fake-news
cnn-globalnews.com,FN,VL,1.0,,,,very-low,fake-news
cnoticias.net,,,1.0,,,,unknown,BF1
cnsnews.com,FN,L,,,,,left,fake-news
coasttocoastam.com,CP,L,,,,,left,conspiracy-pseudoscience
collapse.news,CP,VL,,,,,very-low,conspiracy-pseudoscience
collective-evolution.com,CP,L,,,,,left,conspiracy-pseudoscience
concernedwomen.org,FN,L,,,,,left,fake-news
consciouslifenews.com,CP,M,,,,,mixed,conspiracy-pseudoscience
conservapedia.com,FN,M,,,,,mixed,fake-news
conservativeammo.com,FN,L,,,,,left,fake-news
conservativeangle.com,,,,1.0,,,unknown,FC1
conservativebeaver.com,FN,VL,,,,,very-low,fake-news
conservativedailypost.com,FN,L,,,fake-news,,left,fake-news
conservativefiringline.com,FN,M,,,,,mixed,fake-news
conservativefreepress.com,FN,L,,,,,left,fake-news
conservativefrontline.com,,,,,,1.0,unknown,unknown
conservativepapers.com,FN,M,,,,,mixed,fake-news
conservativepost.com,FN,L,,1.0,,,left,fake-news
conspiracydailyupdate.com,CP,L,,,,,left,conspiracy-pseudoscience
consumerwellness.org,CP,VL,,,,,very-low,conspiracy-pseudoscience
corbettreport.com,CP,L,,,,,left,conspiracy-pseudoscience
cosmicintelligenceagency.com,CP,L,,,,,left,conspiracy-pseudoscience
counterpsyops.com,CP,M,,,,,mixed,conspiracy-pseudoscience
counterthink.com,CP,VL,,,,,very-low,conspiracy-pseudoscience
creation.com,CP,L,,,,,left,conspiracy-pseudoscience
csglobe.com,CP,L,,,,,left,conspiracy-pseudoscience
curiousmindmagazine.com,CP,L,,,,,left,conspiracy-pseudoscience
daily-vine.com,,,,1.0,,,unknown,FC1
dailybuzzlive.com,FN,VL,,,fake-news,1.0,very-low,fake-news
dailygrail.com,CP,M,,,,,mixed,conspiracy-pseudoscience
dailyheadlines.net,FN,L,,,,,left,fake-news
dailyhealthpost.com,CP,L,,,,,left,conspiracy-pseudoscience
dailyoccupation.com,CP,L,,,,,left,conspiracy-pseudoscience
dailypoliticalnewswire.com,FN,M,,,,,mixed,fake-news
dailystar.co.uk,FN,M,,,,,mixed,fake-news
dailysurge.com,R,M,,,fake-news,,mixed,right
dailyworldupdate.us,S,,1.0,,,,unknown,satire
darkjournalist.com,CP,L,,,,,left,conspiracy-pseudoscience
dataasylum.com,CP,L,,,,,left,conspiracy-pseudoscience
davidharrisjr.com,FN,L,,,,,left,fake-news
davidicke.com,CP,VL,,,,,very-low,conspiracy-pseudoscience
davidwolfe.com,CP,M,,,,,mixed,conspiracy-pseudoscience
dcbluedot.com,FN,M,,,,,mixed,fake-news
dcclothesline.com,FN,L,,,,,left,fake-news
dcdirtylaundry.com,FN,VL,,,,,very-low,fake-news
dcgazette.com,FN,L,,,,1.0,left,fake-news
debka.com,FN,M,,,,,mixed,fake-news
decaturtimes.com,FN,M,,,,,mixed,fake-news
deepleftfield.info,FN,M,,,,,mixed,fake-news
defiantamerica.com,FN,L,,,,,left,fake-news
democraticunderground.com,L,M,,,fake-news,,mixed,left
democrats.org,FN,M,,,,,mixed,fake-news
deplorablekel.com,FN,L,,,,,left,fake-news
digifection.com,FN,L,,,,,left,fake-news
disclose.tv,CP,L,,,fake-news,1.0,left,conspiracy-pseudoscience
discoverthenetworks.org,FN,L,,,,,left,fake-news
discovery.org,CP,L,,,,,left,conspiracy-pseudoscience
disobedientmedia.com,CP,M,,,,,mixed,conspiracy-pseudoscience
distributednews.com,CP,VL,,,,,very-low,conspiracy-pseudoscience
djhjmedia.com,FN,L,,,,,left,fake-news
dnyuz.com,FN,M,,,,,mixed,fake-news
doctoroz.com,CP,M,,,,,mixed,conspiracy-pseudoscience
draxe.com,CP,M,,,,,mixed,conspiracy-pseudoscience
earthpulse.com,CP,L,,,,,left,conspiracy-pseudoscience
ecalabamanews.com,FN,M,,,,,mixed,fake-news
ecology.news,CP,VL,,,,,very-low,conspiracy-pseudoscience
economictimes.indiatimes.com,FN,M,,,,,mixed,fake-news
educate-yourself.org,CP,VL,,,,,very-low,conspiracy-pseudoscience
educateinspirechange.org,CP,M,,,,,mixed,conspiracy-pseudoscience
electroverse.net,CP,L,,,,,left,conspiracy-pseudoscience
eluxemagazine.com,CP,M,,,,,mixed,conspiracy-pseudoscience
emirates247.com,FN,M,,,,,mixed,fake-news
empireherald.com,FN,L,1.0,,imposter,1.0,left,fake-news
empirenews.net,S,,1.0,1.0,parody,1.0,unknown,satire
empiresports.co,S,,1.0,,parody,1.0,unknown,satire
en-bref.fr,,,1.0,,,,unknown,BF1
en-volve.com,FN,VL,,1.0,fake-news,,very-low,fake-news
en.mediamass.net,,,1.0,,,,unknown,BF1
en.mehrnews.com,FN,M,,,,,mixed,fake-news
en.metapedia.org,FN,L,,,,,left,fake-news
en.newsner.com,FN,VL,,,,,very-low,fake-news
endthefed.org,FN,L,,,,,left,fake-news
eng.majalla.com,FN,M,,,,,mixed,fake-news
english.alarabiya.net,FN,M,,,,,mixed,fake-news
english.cctv.com,FN,M,,,,,mixed,fake-news
escapeallthesethings.com,CP,L,,,,,left,conspiracy-pseudoscience
eugenics.news,CP,VL,,,,,very-low,conspiracy-pseudoscience
eutimes.net,CP,M,,,,,mixed,conspiracy-pseudoscience
everylegalvote.com,FN,L,,,,,left,fake-news
everytown.org,FN,M,,,,,mixed,fake-news
evil.news,FN,L,,,,,left,fake-news
evolutionnews.org,CP,L,,,,,left,conspiracy-pseudoscience
ewg.org,CP,M,,,,,mixed,conspiracy-pseudoscience
explainlife.com,FN,VL,,,,,very-low,fake-news
extraordinaryinfo.com,CP,M,,,,,mixed,conspiracy-pseudoscience
fabiosa.com,CP,M,,,,,mixed,conspiracy-pseudoscience
factcheckingturkey.com,FN,M,,,,,mixed,fake-news
factswanted.com,FN,M,,,,,mixed,fake-news
fairus.org,FN,L,,,,,left,fake-news
faithit.com,CP,M,,,,,mixed,conspiracy-pseudoscience
faithpanda.com,CP,M,,,,,mixed,conspiracy-pseudoscience
familysurvivalheadlines.com,FN,M,,,,,mixed,fake-news
fellowshipoftheminds.com,CP,L,,1.0,,,left,conspiracy-pseudoscience
femalista.com,FN,M,,,,,mixed,fake-news
filmingcops.com,FN,M,,,,,mixed,fake-news
firstpost.com,RC,MF,,,some-fake,,mostly-factual,RC
flagandcross.com,FN,M,,,,,mixed,fake-news
focusonthefamily.com,FN,L,,,,,left,fake-news
food.news,CP,VL,,,,,very-low,conspiracy-pseudoscience
foodbabe.com,CP,M,,,,,mixed,conspiracy-pseudoscience
foodmatters.com,CP,M,,,,,mixed,conspiracy-pseudoscience
foreverconscious.com,CP,L,,,,,left,conspiracy-pseudoscience
fortherightnews.com,FN,L,,,,,left,fake-news
foxnews-us.com,,,1.0,,,,unknown,BF1
frc.org,FN,L,,,,,left,fake-news
freedom.news,CP,VL,,,,,very-low,conspiracy-pseudoscience
freedomadvocates.org,CP,L,,,,,left,conspiracy-pseudoscience
freedomainradio.com,CP,M,,,,,mixed,conspiracy-pseudoscience
freedomdaily.com,FN,L,,,fake-news,,left,fake-news
freedomnewsreport.com,FN,M,,,,,mixed,fake-news
freeinfomedia.com,,,,,fake-news,,unknown,fake-news
freerepublic.com,R,M,,,some-fake,,mixed,right
freetelegraph.com,FN,M,,,,,mixed,fake-news
freewoodpost.com,S,,1.0,,parody,,unknown,satire
friatider.se,FN,L,,,,,left,fake-news
friendsofscience.org,CP,M,,,,,mixed,conspiracy-pseudoscience
fromthetrenchesworldreport.com,CP,L,,,,,left,conspiracy-pseudoscience
front.moveon.org,FN,M,,,,,mixed,fake-news
frontpagemag.com,FN,L,,,,,left,fake-news
fury.news,FN,VL,,,,,very-low,fake-news
gadsdentoday.com,FN,M,,,,,mixed,fake-news
gaia.com,CP,L,,,,,left,conspiracy-pseudoscience
gatestoneinstitute.org,FN,M,,,,,mixed,fake-news
gellerreport.com,FN,L,,1.0,,,left,fake-news
geoengineering.news,CP,VL,,,,,very-low,conspiracy-pseudoscience
geoengineeringwatch.org,CP,L,,,,,left,conspiracy-pseudoscience
geopol.institute,FN,L,,,,,left,fake-news
geopolitics.co,CP,M,,,,,mixed,conspiracy-pseudoscience
getholistichealth.com,CP,L,,,,,left,conspiracy-pseudoscience
ghost.report,FN,M,,,,,mixed,fake-news
glitch.news,CP,VL,,,,,very-low,conspiracy-pseudoscience
globalhealingcenter.com,CP,M,,,,,mixed,conspiracy-pseudoscience
globalinfotoday.com,FN,L,,,,,left,fake-news
globalresearch.ca,CP,L,,,,1.0,left,conspiracy-pseudoscience
globalskywatch.com,CP,L,,,,,left,conspiracy-pseudoscience
globaltimes.cn,FN,M,,,,,mixed,fake-news
globemagazine.com,FN,VL,,,,,very-low,fake-news
gmo.news,CP,VL,,,,,very-low,conspiracy-pseudoscience
gmwatch.org,CP,M,,,,,mixed,conspiracy-pseudoscience
gnews.org,FN,L,,,,,left,fake-news
godandscience.org,CP,L,,,,,left,conspiracy-pseudoscience
godfatherpolitics.com,FN,M,,,,,mixed,fake-news
godlikeproductions.com,CP,L,,,,,left,conspiracy-pseudoscience
goodgopher.com,FN,VL,,,,,very-low,fake-news
goop.com,CP,L,,,,,left,conspiracy-pseudoscience
gop.com,FN,M,,,,,mixed,fake-news
gop.gov,FN,M,,,,,mixed,fake-news
gossipmillsa.com,,,,,,1.0,unknown,unknown
gotquestions.org,CP,L,,,,,left,conspiracy-pseudoscience
govtslaves.com,CP,L,,,,,left,conspiracy-pseudoscience
grainoftruth.ca,FN,VL,,,,,very-low,fake-news
greanvillepost.com,CP,M,,,,,mixed,conspiracy-pseudoscience
greatamericandaily.com,FN,L,,,,,left,fake-news
greatamericanrepublic.com,FN,L,,,,,left,fake-news
greenmedinfo.com,CP,L,,,,,left,conspiracy-pseudoscience
greenpeace.org,CP,M,,,,,mixed,conspiracy-pseudoscience
greenvillegazette.com,L,L,,,,,left,left
grunge.com,FN,M,,,,,mixed,fake-news
gucmakale.com,FN,M,,,,,mixed,fake-news
gulagbound.com,CP,L,,,,,left,conspiracy-pseudoscience
gulfnews.com,FN,M,,,,,mixed,fake-news
halturnerradioshow.com,,,,,,1.0,unknown,unknown
hangthebankers.com,FN,L,,,,,left,fake-news
hannity.com,FN,L,,,,,left,fake-news
hardnews.network,FN,M,,,,,mixed,fake-news
headtopics.com,FN,M,,,,,mixed,fake-news
healingfoodreference.com,CP,VL,,,,,very-low,conspiracy-pseudoscience
healingoracle.ch,CP,VL,,,,,very-low,conspiracy-pseudoscience
health.news,CP,VL,,,,,very-low,conspiracy-pseudoscience
healthimpactnews.com,CP,L,,,,,left,conspiracy-pseudoscience
healthnutnews.com,CP,VL,,,,,very-low,conspiracy-pseudoscience
healthranger.com,CP,VL,,,,,very-low,conspiracy-pseudoscience
healthrangerreport.com,CP,VL,,,,,very-low,conspiracy-pseudoscience
healthy-holistic-living.com,CP,L,,,,,left,conspiracy-pseudoscience
healthyandnaturalworld.com,CP,M,,,,,mixed,conspiracy-pseudoscience
healthyfoodhouse.com,CP,L,,,,,left,conspiracy-pseudoscience
heartland.org,FN,L,,,,,left,fake-news
heightpost.com,,,,,some-fake,,unknown,some-fake
hellochristian.com,CP,M,,,,,mixed,conspiracy-pseudoscience
herb.co,CP,M,,,,,mixed,conspiracy-pseudoscience
herbreference.com,CP,VL,,,,,very-low,conspiracy-pseudoscience
higherperspectives.com,CP,M,,,some-fake,,mixed,conspiracy-pseudoscience
hoggwatch.com,FN,L,,,,,left,fake-news
home.nra.org,FN,M,,,,,mixed,fake-news
hotglobalnews.com,,,1.0,,,,unknown,BF1
hsionline.com,CP,L,,,,,left,conspiracy-pseudoscience
humansarefree.com,CP,L,,,,,left,conspiracy-pseudoscience
huntsvilleleader.com,FN,M,,,,,mixed,fake-news
huzlers.com,S,,1.0,,parody,1.0,unknown,satire
iceagenow.info,CP,L,,,,,left,conspiracy-pseudoscience
icr.org,CP,VL,,,,,very-low,conspiracy-pseudoscience
iflscience.com,CP,M,,,,,mixed,conspiracy-pseudoscience
ifyouonlynews.com,FN,VL,,,,,very-low,fake-news
iharare.com,FN,M,,,,,mixed,fake-news
ihatethemedia.com,FN,L,,,,,left,fake-news
ihealthtube.com,CP,L,,,,,left,conspiracy-pseudoscience
iheartintelligence.com,CP,M,,,,,mixed,conspiracy-pseudoscience
ihr.org,FN,VL,,,,,very-low,fake-news
ihypocrite.net,FN,M,,,,,mixed,fake-news
illegalaliencrimereport.com,FN,M,,,,,mixed,fake-news
illicitinfo.com,FN,L,,,,,left,fake-news
illuminati-news.com,CP,L,,,,,left,conspiracy-pseudoscience
illuminatiwatcher.com,CP,L,,,,,left,conspiracy-pseudoscience
ilovemyfreedom.org,FN,VL,,,,,very-low,fake-news
imowired.com,FN,VL,,,,,very-low,fake-news
independentminute.com,,,,,some-fake,,unknown,some-fake
independentsciencenews.org,CP,M,,,,,mixed,conspiracy-pseudoscience
independentsentinel.com,FN,M,,,,,mixed,fake-news
indiatimes.com,RC,M,,,some-fake,,mixed,RC
infiniteunknown.net,CP,L,,,,,left,conspiracy-pseudoscience
infogalactic.com,FN,L,,,,,left,fake-news
informationclearinghouse.info,CP,M,,,,,mixed,conspiracy-pseudoscience
informationliberation.com,FN,L,,,,,left,fake-news
inforos.ru,FN,L,,,,,left,fake-news
infoscum.com,FN,M,,,,,mixed,fake-news
infowars.com,CP,VL,,1.0,,1.0,very-low,conspiracy-pseudoscience
ingredients.news,CP,VL,,,,,very-low,conspiracy-pseudoscience
innerstrength.zone,FN,M,,,,,mixed,fake-news
intellihub.com,CP,L,,,,,left,conspiracy-pseudoscience
investmentwatchblog.com,CP,M,,,,,mixed,conspiracy-pseudoscience
iowaclimate.org,CP,L,,,,,left,conspiracy-pseudoscience
israelislamandendtimes.com,CP,M,,,,,mixed,conspiracy-pseudoscience
jeffersonreporter.com,FN,M,,,,,mixed,fake-news
jesus-is-savior.com,CP,L,,,,,left,conspiracy-pseudoscience
jesusdaily.com,CP,L,,,,,left,conspiracy-pseudoscience
joebiden.news,CP,VL,,,,,very-low,conspiracy-pseudoscience
judicialwatch.org,FN,L,,,,,left,fake-news
judithcurry.com,CP,M,,,,,mixed,conspiracy-pseudoscience
junkscience.com,CP,L,,,,,left,conspiracy-pseudoscience
justthefacts.org,FN,M,,,,,mixed,fake-news
knowledgeoftoday.org,CP,L,,,,,left,conspiracy-pseudoscience
krbcnews.com,,,1.0,,,,unknown,BF1
kupr7.com,,,1.0,,,,unknown,BF1
ladiesofliberty.net,S,,1.0,,,,unknown,satire
lancastercourier.com,FN,M,,,,,mixed,fake-news
larouchepac.com,CP,L,,,,,left,conspiracy-pseudoscience
latitudes.org,CP,M,,,,,mixed,conspiracy-pseudoscience
lawenforcementtoday.com,R,M,,,,1.0,mixed,right
learntherisk.org,CP,VL,,,,,very-low,conspiracy-pseudoscience
leftaction.com,FN,L,,,,,left,fake-news
leftcult.com,CP,VL,,,,,very-low,conspiracy-pseudoscience
leftexposed.org,FN,L,,,,,left,fake-news
legitgov.org,CP,M,,,,,mixed,conspiracy-pseudoscience
lewrockwell.com,FN,M,,,,,mixed,fake-news
liberty.news,CP,VL,,,,,very-low,conspiracy-pseudoscience
libertybell.com,FN,L,,,,,left,fake-news
libertyhangout.org,R,L,,,,,left,right
libertytalk.fm,FN,M,,,,,mixed,fake-news
libertyvideos.org,CP,L,,,,,left,conspiracy-pseudoscience
libtards.news,CP,VL,,,,,very-low,conspiracy-pseudoscience
lifespa.com,CP,L,,,,,left,conspiracy-pseudoscience
liveaction.org,CP,M,,,,,mixed,conspiracy-pseudoscience
livestrong.com,CP,M,,,,,mixed,conspiracy-pseudoscience
livingwhole.org,CP,M,,,,,mixed,conspiracy-pseudoscience
londonwebnews.com,FN,L,,1.0,some-fake,,left,fake-news
loonwatch.com,FN,L,,,,,left,fake-news
lucianne.com,FN,M,,,,,mixed,fake-news
madworldnews.com,FN,L,,,fake-news,,left,fake-news
magadailyreport.com,FN,M,,,,,mixed,fake-news
magapill.com,FN,M,,,,,mixed,fake-news
mainerepublicemailalert.com,,,,1.0,,,unknown,FC1
mediafactwatch.com,CP,M,,,,,mixed,conspiracy-pseudoscience
mediaroots.org,CP,M,,,,,mixed,conspiracy-pseudoscience
medicalmedium.com,CP,L,,,,,left,conspiracy-pseudoscience
medicine.news,CP,L,,,,,left,conspiracy-pseudoscience
medusamagazine.com,CP,M,,,,,mixed,conspiracy-pseudoscience
meforum.org,FN,L,,,,,left,fake-news
memri.org,FN,M,,,,,mixed,fake-news
mentor2day.com,,,,,some-fake,,unknown,some-fake
mercola.com,CP,L,,,,,left,conspiracy-pseudoscience
merica1st.com,FN,L,,,,,left,fake-news
metricmedianews.com,FN,M,,,,,mixed,fake-news
middleamericandemocrat.com,FN,M,,,,,mixed,fake-news
mindbodygreen.com,CP,M,,,,,mixed,conspiracy-pseudoscience
mixi.media,FN,L,,,,,left,fake-news
mobilecourant.com,FN,M,,,,,mixed,fake-news
modernalternativemama.com,CP,M,,,,,mixed,conspiracy-pseudoscience
moonbattery.com,FN,L,,,,,left,fake-news
morning-herald.com,,,,1.0,,,unknown,FC1
msmlies.com,FN,M,,,,,mixed,fake-news
myrightamerica.com,FN,L,,,,,left,fake-news
nachrichten365.com,,,1.0,,,,unknown,BF1
natall.com,FN,VL,,,,,very-low,fake-news
nation.com.pk,RC,H,,,some-fake,,high,RC
nationaleconomicseditorial.com,FN,L,,,,,left,fake-news
nationalenquirer.com,FN,L,,,,,left,fake-news
nationalfile.com,CP,L,,,,,left,conspiracy-pseudoscience
nationalpolicy.institute,FN,L,,,,,left,fake-news
nationalreport.net,S,,1.0,,parody,1.0,unknown,satire
nationalrighttolifenews.org,FN,L,,,,,left,fake-news
nationalsecurity.news,CP,VL,,,,,very-low,conspiracy-pseudoscience
nationalvanguard.org,FN,VL,,,,,very-low,fake-news
naturalcures.com,CP,M,,,,,mixed,conspiracy-pseudoscience
naturalhealth365.com,CP,M,,,,,mixed,conspiracy-pseudoscience
naturallysavvy.com,CP,M,,,,,mixed,conspiracy-pseudoscience
naturalmedicine.news,CP,VL,,,,,very-low,conspiracy-pseudoscience
naturalnews.com,CP,VL,,,,1.0,very-low,conspiracy-pseudoscience
naturalnewsblogs.com,CP,VL,,,,,very-low,conspiracy-pseudoscience
naturalnewsradio.com,CP,VL,,,,,very-low,conspiracy-pseudoscience
naturalpedia.com,CP,VL,,,,,very-low,conspiracy-pseudoscience
naturalsociety.com,CP,M,,,,,mixed,conspiracy-pseudoscience
navarroreport.com,FN,L,,,,,left,fake-news
nealabamanews.com,FN,M,,,,,mixed,fake-news
needtoknow.news,CP,L,,,,,left,conspiracy-pseudoscience
neonnettle.com,CP,L,1.0,1.0,fake-news,1.0,left,conspiracy-pseudoscience
net-infosnews.com,,,1.0,,,,unknown,BF1
newamericannews.com,CP,M,,,,,mixed,conspiracy-pseudoscience
newnation.org,FN,VL,,,,,very-low,fake-news
news4ktla.com,,,1.0,,imposter,,unknown,imposter
newsammo.com,FN,M,,,,,mixed,fake-news
newsbiscuit.com,S,,1.0,,,,unknown,satire
newsblaze.com,FN,M,,,,,mixed,fake-news
newsbreak.com,FN,M,,,,,mixed,fake-news
newsbud.com,CP,M,,,,,mixed,conspiracy-pseudoscience
newsexaminer.net,,,1.0,,fake-news,1.0,unknown,fake-news
newsfeedhunter.com,FN,L,1.0,1.0,fake-news,,left,fake-news
newsheist.com,FN,L,,,,,left,fake-news
newsinsideout.com,CP,L,,,,,left,conspiracy-pseudoscience
newsjustforyou1.blogspot.com,,,,,fake-news,,unknown,fake-news
newslo.com,,,1.0,,parody,,unknown,parody
newsmax.com,FN,M,,,,,mixed,fake-news
newspunch.com,FN,VL,1.0,1.0,,1.0,very-low,fake-news
newspushed.com,FN,L,,,,,left,fake-news
newstarget.com,CP,L,,,,,left,conspiracy-pseudoscience
newswars.com,FN,L,,,,,left,fake-news
newswithviews.com,FN,L,,,,,left,fake-news
newzmagazine.com,,,,,fake-news,,unknown,fake-news
nextnewsnetwork.com,FN,M,,,,1.0,mixed,fake-news
nordicmonitor.com,FN,M,,,,,mixed,fake-news
northbirminghamtimes.com,FN,M,,,,,mixed,fake-news
notallowedto.com,FN,L,1.0,,fake-news,,left,fake-news
noticias-frescas.com,,,1.0,,,,unknown,BF1
notizzia.com,,,1.0,,,,unknown,BF1
notrickszone.com,CP,L,,,,,left,conspiracy-pseudoscience
now8news.com,FN,VL,1.0,,imposter,1.0,very-low,fake-news
nowtheendbegins.com,CP,L,,,,,left,conspiracy-pseudoscience
npr.news,CP,VL,,,,,very-low,conspiracy-pseudoscience
nrlc.org,FN,L,,,,,left,fake-news
nutrientreference.com,CP,VL,,,,,very-low,conspiracy-pseudoscience
nutritionfacts.org,CP,M,,,,,mixed,conspiracy-pseudoscience
nvic.org,CP,L,,,,,left,conspiracy-pseudoscience
oann.com,FN,L,,,,,left,fake-news
oathkeepers.org,FN,L,,,,,left,fake-news
occupydemocrats.com,FN,L,,,,,left,fake-news
odishatv.in,,,,,,1.0,unknown,unknown
off-guardian.org,CP,M,,,,,mixed,conspiracy-pseudoscience
onepoliticalplaza.com,,,,,fake-news,,unknown,fake-news
oreillypost.com,,,1.0,,,,unknown,BF1
organicconsumers.org,CP,L,,,,,left,conspiracy-pseudoscience
organicfacts.net,CP,M,,,,,mixed,conspiracy-pseudoscience
other98.com,FN,L,,,,,left,fake-news
outragedpatriot.com,FN,L,,,,,left,fake-news
overpassesforamerica.com,FN,L,,,,,left,fake-news
oye.news,CP,L,,,,,left,conspiracy-pseudoscience
pacificpundit.com,FN,L,,,,,left,fake-news
pakalertpress.com,CP,L,,,,,left,conspiracy-pseudoscience
pandemic.news,CP,VL,,,,,very-low,conspiracy-pseudoscience
pantsonfirenews.com,FN,L,,,,,left,fake-news
parler.com,FN,L,,,,,left,fake-news
patribotics.blog,FN,L,,,,,left,fake-news
patriotcrier.com,,,,,fake-news,,unknown,fake-news
patriotfires.com,FN,L,,,,,left,fake-news
patrioticviralnews.com,FN,L,,,,,left,fake-news
patriotjournal.org,FN,M,,,,,mixed,fake-news
patriots4truth.org,CP,VL,,,,,very-low,conspiracy-pseudoscience
pcmustdie.com,FN,L,,,,,left,fake-news
pdmj.org,CP,VL,,,,,very-low,conspiracy-pseudoscience
perezhilton.com,FN,M,,,,,mixed,fake-news
personalliberty.com,FN,L,,,,,left,fake-news
peta.org,CP,M,,,,,mixed,conspiracy-pseudoscience
pjmedia.com,FN,M,,,,,mixed,fake-news
politicsonline.net,FN,L,,,,,left,fake-news
politifact.news,FN,L,,,,,left,fake-news
pollution.news,CP,VL,,,,,very-low,conspiracy-pseudoscience
pop.org,FN,L,,,,,left,fake-news
populartechnology.net,CP,M,,,,,mixed,conspiracy-pseudoscience
populist.press,FN,L,,,,,left,fake-news
postcard.news,,,,,some-fake,,unknown,some-fake
postillon.com,,,,1.0,,,unknown,FC1
powderedwigsociety.com,FN,L,,,,,left,fake-news
prageru.com,FN,L,,,,,left,fake-news
pravdareport.com,FN,VL,,,,,very-low,fake-news
prepareforchange.net,CP,L,,,,,left,conspiracy-pseudoscience
pressfortruth.ca,CP,M,,,,,mixed,conspiracy-pseudoscience
presstv.com,FN,L,,,,,left,fake-news
pressunion.org,,,1.0,,,,unknown,BF1
prevention.com,CP,M,,,,,mixed,conspiracy-pseudoscience
principia-scientific.org,CP,L,,,,,left,conspiracy-pseudoscience
prisonplanet.com,CP,VL,,,,,very-low,conspiracy-pseudoscience
prntly.com,FN,L,,,fake-news,1.0,left,fake-news
profam.org,FN,L,,,,,left,fake-news
progressivestoday.com,FN,L,,,,,left,fake-news
projectveritas.com,FN,M,,,,,mixed,fake-news
prophecynewswatch.com,CP,L,,,,,left,conspiracy-pseudoscience
prophecytoday.com,CP,L,,,,,left,conspiracy-pseudoscience
propornot.com,CP,M,,,,,mixed,conspiracy-pseudoscience
protothema.gr,FN,M,,,,,mixed,fake-news
protrumpnews.com,FN,L,,,,,left,fake-news
qanon.pub,CP,VL,,,,,very-low,conspiracy-pseudoscience
quillette.com,FN,M,,,,,mixed,fake-news
randpaul.news,CP,VL,,,,,very-low,conspiracy-pseudoscience
rapturenewsnetwork.com,CP,L,,,,,left,conspiracy-pseudoscience
rawconservativeopinions.com,FN,M,,,,,mixed,fake-news
realclimatescience.com,CP,L,,,,,left,conspiracy-pseudoscience
realfarmacy.com,CP,L,,,,,left,conspiracy-pseudoscience
realjewnews.com,CP,L,,,,,left,conspiracy-pseudoscience
realnews24.com,CP,L,,,,,left,conspiracy-pseudoscience
realnewsrightnow.com,S,,1.0,1.0,parody,,unknown,satire
realrawnews.com,FN,VL,,,,,very-low,fake-news
rearfront.com,,,,,fake-news,,unknown,fake-news
redbluedivide.com,FN,M,,,,,mixed,fake-news
redice.tv,FN,L,,,,,left,fake-news
redorbit.com,FN,M,,,,,mixed,fake-news
redoubtnews.com,CP,M,,,,,mixed,conspiracy-pseudoscience
redstate.com,FN,M,,,,,mixed,fake-news
redstatewatcher.com,FN,L,,,,,left,fake-news
redwhiteandright.com,FN,L,,,,,left,fake-news
remnantnewspaper.com,FN,L,,,,,left,fake-news
renewamerica.com,FN,L,,,,,left,fake-news
rense.com,CP,VL,,,,,very-low,conspiracy-pseudoscience
researchantisemitism.ca,FN,L,,,,,left,fake-news
responsibletechnology.org,CP,M,,,,,mixed,conspiracy-pseudoscience
returnofkings.com,FN,L,,,,,left,fake-news
returntonow.net,CP,L,,,,,left,conspiracy-pseudoscience
revolutionradio.org,CP,L,,,,,left,conspiracy-pseudoscience
revolver.news,FN,M,,,,,mixed,fake-news
righterway.com,FN,L,,,,,left,fake-news
rightsidenews.com,FN,L,,,,,left,fake-news
rightsmarts.com,FN,M,,,,,mixed,fake-news
rightwing.news,FN,L,,,,,left,fake-news
rightwingnews.com,FN,L,,,,,left,fake-news
rightwingtribune.com,FN,L,,1.0,,,left,fake-news
rinf.com,FN,L,,,,,left,fake-news
riverregiontimes.com,FN,M,,,,,mixed,fake-news
rogue-nation3.com,,,,,fake-news,,unknown,fake-news
rt.com,FN,VL,,,,,very-low,fake-news
rudaw.net,FN,M,,,,,mixed,fake-news
rumble.com,FN,L,,,,,left,fake-news
ruptly.tv,FN,M,,,,,mixed,fake-news
rushlimbaugh.com,FN,VL,,,,,very-low,fake-news
russia-insider.com,FN,L,,,,,left,fake-news
ruthinstitute.org,FN,M,,,,,mixed,fake-news
sanevax.org,CP,L,,,,,left,conspiracy-pseudoscience
savethemales.ca,CP,L,,,,,left,conspiracy-pseudoscience
science.news,CP,VL,,,,,very-low,conspiracy-pseudoscience
sciencetimes.com,FN,M,,,,,mixed,fake-news
sciencevibe.com,CP,M,,,,,mixed,conspiracy-pseudoscience
scrapetv.com,,,1.0,,,,unknown,BF1
secondamendmentdaily.com,FN,L,,,,,left,fake-news
secureamericanow.org,FN,M,,,,,mixed,fake-news
sgtreport.com,CP,L,,,,,left,conspiracy-pseudoscience
sheepkillers.com,CP,L,,,,,left,conspiracy-pseudoscience
shoalstoday.com,FN,M,,,,,mixed,fake-news
shoebat.com,CP,L,,,,,left,conspiracy-pseudoscience
shtfplan.com,FN,M,,,,,mixed,fake-news
sickchirpse.com,FN,VL,,,,,very-low,fake-news
skeptiko.com,CP,VL,,,,,very-low,conspiracy-pseudoscience
smag31.com,,,,,some-fake,,unknown,some-fake
smobserved.com,FN,L,,,,,left,fake-news
snopes.news,CP,VL,,,,,very-low,conspiracy-pseudoscience
sohu.com,FN,M,,,,,mixed,fake-news
sonsof1776.com,FN,L,,,,,left,fake-news
sott.net,CP,L,,,,,left,conspiracy-pseudoscience
southafricatoday.net,FN,M,,,,,mixed,fake-news
southfront.org,CP,L,,,,,left,conspiracy-pseudoscience
space.news,CP,M,,,,,mixed,conspiracy-pseudoscience
sputniknews.com,FN,VL,,,,,very-low,fake-news
squawker.org,FN,L,,,,,left,fake-news
staresattheworld.com,FN,L,,,,,left,fake-news
stateofthenation.co,FN,L,,,,,left,fake-news
stateofthenation2012.com,FN,L,,,,,left,fake-news
steadfastandloyal.com,FN,L,,,,,left,fake-news
stfnreport.com,FN,M,,,,,mixed,fake-news
stgeorgegazette.com,S,,,1.0,fake-news,1.0,unknown,satire
stillnessinthestorm.com,CP,L,,,some-fake,,left,conspiracy-pseudoscience
stonecoldtruth.com,FN,L,,,,,left,fake-news
stormcloudsgathering.com,CP,L,,,,,left,conspiracy-pseudoscience
stormfront.org,CP,VL,,,,,very-low,conspiracy-pseudoscience
straightstoned.com,,,1.0,,,,unknown,BF1
strategic-culture.org,FN,VL,,,,,very-low,fake-news
stream.org,CP,M,,,,,mixed,conspiracy-pseudoscience
stuppid.com,S,,1.0,1.0,,1.0,unknown,satire
summit.news,FN,L,,,,,left,fake-news
sundaypost.org,,,1.0,,,,unknown,BF1
superstation95.com,,,1.0,,,1.0,unknown,BF1
supplementreference.com,CP,VL,,,,,very-low,conspiracy-pseudoscience
survivalblog.com,FN,L,,,,,left,fake-news
sustainablepulse.com,CP,L,,,,,left,conspiracy-pseudoscience
swampdrain.com,FN,L,,,,,left,fake-news
swarajyamag.com,FN,L,,,,,left,fake-news
swprs.org,CP,M,,,,,mixed,conspiracy-pseudoscience
syrianews.cc,FN,L,,,,,left,fake-news
takimag.com,FN,L,,,,,left,fake-news
talknetwork.com,CP,VL,,,,,very-low,conspiracy-pseudoscience
tasnimnews.com,FN,M,,,,,mixed,fake-news
tass.com,FN,M,,,,,mixed,fake-news
tbdailynews.com,FN,M,,,,,mixed,fake-news
teaparty.org,FN,L,,,some-fake,,left,fake-news
teapartypatriots.org,FN,M,,,,,mixed,fake-news
technocracy.news,CP,VL,,,,,very-low,conspiracy-pseudoscience
techstartups.com,FN,M,,,,,mixed,fake-news
tehrantimes.com,FN,M,,,,,mixed,fake-news
tfp.org,FN,L,,,,,left,fake-news
the-postillon.com,S,,,1.0,parody,,unknown,satire
theamericanmirror.com,FN,L,,,,,left,fake-news
theantimedia.com,CP,M,,,,,mixed,conspiracy-pseudoscience
thebeardedpatriot.com,FN,L,,,,,left,fake-news
thebeltwayreport.com,FN,M,,,,,mixed,fake-news
thebigriddle.com,,,,,some-fake,,unknown,some-fake
thebl.com,FN,M,,,,,mixed,fake-news
theblacksphere.net,FN,M,,,,,mixed,fake-news
thebreakingnews.com,FN,L,,,,,left,fake-news
thecommonsenseshow.com,CP,VL,,,,,very-low,conspiracy-pseudoscience
theconservativebrief.com,FN,M,,,,,mixed,fake-news
theconservativecentral.com,FN,L,,,,,left,fake-news
theconservativetreehouse.com,FN,L,,1.0,some-fake,,left,fake-news
thedailybell.com,FN,L,,,,,left,fake-news
thedailyconspiracy.com,CP,L,,,,,left,conspiracy-pseudoscience
thedailysheeple.com,CP,L,,,,,left,conspiracy-pseudoscience
thedcpatriot.com,FN,L,,,,,left,fake-news
theduran.com,FN,L,,,,,left,fake-news
theepochtimes.com,FN,M,,,,,mixed,fake-news
thefakenewsgenerator.com,,,1.0,,,,unknown,BF1
thefederalistpapers.org,FN,L,,,,,left,fake-news
theforbiddenknowledge.com,CP,L,,,,,left,conspiracy-pseudoscience
thefreedomtimes.com,FN,L,,,,,left,fake-news
thefreethoughtproject.com,CP,L,,,,,left,conspiracy-pseudoscience
thefullertoninformer.com,CP,VL,,,,,very-low,conspiracy-pseudoscience
thegatewaypundit.com,FN,L,,,some-fake,1.0,left,fake-news
thegoldwater.com,FN,L,,,,,left,fake-news
thehealthyamerican.org,CP,VL,,,,,very-low,conspiracy-pseudoscience
theheartysoul.com,CP,M,,,,,mixed,conspiracy-pseudoscience
thehighwire.com,CP,L,,,,,left,conspiracy-pseudoscience
thehornnews.com,FN,L,,,,,left,fake-news
thelastlineofdefense.org,S,,1.0,1.0,parody,,unknown,satire
thelaughclub.net,FN,L,,,,,left,fake-news
thelibertybeacon.com,CP,L,,,,,left,conspiracy-pseudoscience
thelibertydaily.com,FN,M,,,,,mixed,fake-news
themillenniumreport.com,FN,L,,,,,left,fake-news
themindunleashed.com,CP,L,,,,,left,conspiracy-pseudoscience
thenational.ae,FN,M,,,,,mixed,fake-news
thenationalmarijuananews.com,,,,,some-fake,,unknown,some-fake
thenationalpatriot.com,FN,L,,,,,left,fake-news
thenationalpulse.com,FN,M,,,,,mixed,fake-news
thenet24h.com,,,,,fake-news,,unknown,fake-news
thenewsnerd.com,S,,1.0,,,1.0,unknown,satire
thenochill.com,,,1.0,,,,unknown,BF1
thepoliticalinsider.com,FN,L,,,some-fake,,left,fake-news
theproudliberal.org,FN,M,,,,,mixed,fake-news
thepublicdiscourse.com,FN,L,,,,,left,fake-news
theracketreport.com,S,,1.0,,fake-news,,unknown,satire
thereisnews.com,S,,1.0,,,,unknown,satire
thereligionofpeace.com,FN,L,,,,,left,fake-news
therightstuff.biz,FN,VL,,,,,very-low,fake-news
therooster.com,,,,,some-fake,,unknown,some-fake
therundownlive.com,CP,L,,,,,left,conspiracy-pseudoscience
thesmokersclub.com,,,,,some-fake,,unknown,some-fake
thesolexchange.com,,,,,some-fake,,unknown,some-fake
thespectator.info,FN,VL,,,,,very-low,fake-news
thetrumpet.com,CP,M,,,,,mixed,conspiracy-pseudoscience
thetruthaboutcancer.com,CP,L,,,,,left,conspiracy-pseudoscience
thetruthseeker.co.uk,CP,L,,,,,left,conspiracy-pseudoscience
theunionjournal.com,FN,L,,,,,left,fake-news
thevalleyreport.com,,,1.0,,,,unknown,BF1
thewashingtonstandard.com,FN,L,,,,,left,fake-news
thieme.de,CP,M,,,,,mixed,conspiracy-pseudoscience
thinkamericana.com,FN,L,,,,,left,fake-news
thinkinghumanity.com,CP,L,,,,,left,conspiracy-pseudoscience
thinkingmomsrevolution.com,CP,L,,,,,left,conspiracy-pseudoscience
thoughtcatalog.com,CP,M,,,,,mixed,conspiracy-pseudoscience
thoughtcrimeradio.net,CP,L,,,,,left,conspiracy-pseudoscience
thrivemovement.com,CP,L,,,,,left,conspiracy-pseudoscience
timesofcambodia.com,,,1.0,,,,unknown,BF1
tmzworldnews.com,,,1.0,,fake-news,,unknown,fake-news
toddstarnes.com,FN,M,,,,,mixed,fake-news
toofab.com,FN,M,,,,,mixed,fake-news
torontotoday.net,FN,L,,,,,left,fake-news
toutelinfo.fr,,,1.0,,,,unknown,BF1
townhall.com,FN,M,,,,,mixed,fake-news
tplnews.com,FN,M,,,,,mixed,fake-news
tpusa.com,FN,L,,,,,left,fake-news
treason.news,CP,VL,,,,,very-low,conspiracy-pseudoscience
trendingpolitics.com,FN,M,,,,,mixed,fake-news
triggerreset.net,FN,L,,,,,left,fake-news
trueactivist.com,FN,L,,,,,left,fake-news
truepundit.com,CP,L,,,,,left,conspiracy-pseudoscience
trueviralnews.com,FN,L,,,,,left,fake-news
trump.news,FN,L,,,,,left,fake-news
trumptrainnews.com,FN,M,,,,,mixed,fake-news
trunews.com,CP,L,,,,,left,conspiracy-pseudoscience
truthandaction.org,FN,L,,,,,left,fake-news
truthinmedia.com,FN,L,,,,,left,fake-news
truthmonitor.com,FN,L,,,,,left,fake-news
truthuncensored.net,FN,L,,,,,left,fake-news
twisted.news,CP,VL,,,,,very-low,conspiracy-pseudoscience
ukcolumn.org,CP,L,,,,,left,conspiracy-pseudoscience
unclesamsmisguidedchildren.com,FN,L,,,,,left,fake-news
understandingthethreat.com,FN,L,,,,,left,fake-news
uniteamericafirst.com,FN,L,,,,,left,fake-news
unitedmediapublishing.com,,,1.0,,,1.0,unknown,BF1
unz.com,FN,L,,,,,left,fake-news
uokhun.uk,,,1.0,,,,unknown,BF1
us24news.com,FN,L,,,,,left,fake-news
usahitman.com,CP,L,,,,,left,conspiracy-pseudoscience
usaisonline.com,FN,VL,,,,,very-low,fake-news
usanewshome.com,,,,,fake-news,,unknown,fake-news
usanewstoday.com,,,,,fake-news,,unknown,fake-news
usapoliticstoday.com,R,M,,1.0,fake-news,,mixed,right
usareally.com,FN,VL,,,,,very-low,fake-news
usasupreme.com,FN,VL,,,fake-news,,very-low,fake-news
usawatchdog.com,CP,L,,,,,left,conspiracy-pseudoscience
usbacklash.org,FN,VL,,,,,very-low,fake-news
uschronicle.com,FN,L,,,,,left,fake-news
uslibertywire.com,FN,L,,,,,left,fake-news
uspoln.com,S,,1.0,,fake-news,,unknown,satire
ussanews.com,FN,M,,1.0,,,mixed,fake-news
vaccineimpact.com,CP,L,,,,,left,conspiracy-pseudoscience
vaccines.news,CP,VL,,,,,very-low,conspiracy-pseudoscience
vaccinesrevealed.com,CP,L,,,,,left,conspiracy-pseudoscience
vactruth.com,CP,L,,,,,left,conspiracy-pseudoscience
vaxxter.com,CP,L,,,,,left,conspiracy-pseudoscience
vdare.com,FN,L,,,,,left,fake-news
veteransfordonaldtrump.com,,,,,fake-news,,unknown,fake-news
veteranstoday.com,CP,VL,,,,,very-low,conspiracy-pseudoscience
vidmax.com,FN,L,,,,,left,fake-news
vigilantcitizen.com,CP,L,,,,,left,conspiracy-pseudoscience
viralcocaine.com,FN,L,,,,,left,fake-news
viralhatch.com,FN,L,,,,,left,fake-news
viralnewsnetwork.net,CP,L,,,,,left,conspiracy-pseudoscience
votefraud.news,CP,VL,,,,,very-low,conspiracy-pseudoscience
wakeup-world.com,CP,L,,,,,left,conspiracy-pseudoscience
wakingtimes.com,CP,L,,,,,left,conspiracy-pseudoscience
wallbuilders.com,FN,L,,,,,left,fake-news
washingtontimes.com,FN,M,,,,,mixed,fake-news
wattsupwiththat.com,CP,L,,,,,left,conspiracy-pseudoscience
waynedupree.com,FN,L,,,,,left,fake-news
wcpm3.com,,,1.0,,,,unknown,BF1
wearechange.org,CP,M,,,,,mixed,conspiracy-pseudoscience
westonaprice.org,CP,L,,,,,left,conspiracy-pseudoscience
wethepeopledaily.com,FN,M,,,,,mixed,fake-news
whale.to,CP,L,,,,,left,conspiracy-pseudoscience
whatreallyhappened.com,CP,M,,,,,mixed,conspiracy-pseudoscience
whatstheharm.net,FN,M,,,,,mixed,fake-news
whitehouse.news,CP,VL,,,,,very-low,conspiracy-pseudoscience
whydontyoutrythis.com,CP,L,,,some-fake,,left,conspiracy-pseudoscience
wikiislam.net,FN,M,,,,,mixed,fake-news
wikispooks.com,CP,M,,,,,mixed,conspiracy-pseudoscience
wittheshit.com,,,1.0,,,,unknown,BF1
wnd.com,FN,L,,,,,left,fake-news
wokesloth.com,FN,M,,,,,mixed,fake-news
womenarehuman.com,FN,M,,,,,mixed,fake-news
worldaffairsbrief.com,CP,VL,,,,,very-low,conspiracy-pseudoscience
worlddoctorsalliance.com,CP,VL,,,,,very-low,conspiracy-pseudoscience
worldhealth.net,CP,L,,,,,left,conspiracy-pseudoscience
worldnewsdailyreport.com,S,,1.0,1.0,parody,1.0,unknown,satire
worldstarhiphop.com,FN,M,,,,,mixed,fake-news
worldtruth.tv,CP,VL,,,fake-news,1.0,very-low,conspiracy-pseudoscience
wtoe5news.com,,,1.0,,,,unknown,BF1
www1.cbn.com,CP,M,,,,,mixed,conspiracy-pseudoscience
x22report.com,CP,L,,,,,left,conspiracy-pseudoscience
yc.news,FN,M,,,,,mixed,fake-news
yesimright.com,FN,L,,,,,left,fake-news
zenith.news,FN,L,,,,,left,fake-news
zerohedge.com,CP,L,,,,,left,conspiracy-pseudoscience
16wmpo.com,,,,,imposter,,unknown,imposter
20minutenews.com,,,1.0,,,,unknown,BF1
247newsmedia.com,FN,very-low,,,fake-news,,very-low,fake-news
24online.news,,,,,imposter,,unknown,imposter
24wpn.com,FN,low,,,fake-news,,low,fake-news
24x365live.com,,,1.0,,fake-news,,unknown,fake-news
365usnews.com,,,,1.0,,,unknown,FC1
3ccorp.net,FN,low,,,,,low,fake-news
70news.wordpress.com,FN,very-low,,,,1.0,very-low,fake-news
7newspolitical.site,,,,1.0,,,unknown,FC1
8shit.net,,,1.0,,,,unknown,BF1
aattp.org,FN,low,,,,,low,fake-news
abc14news.com,,,1.0,,,,unknown,BF1
abcnews-us.com,FN,very-low,1.0,,,,very-low,fake-news
abcnews.com.co,,,1.0,,imposter,1.0,unknown,imposter
abcnews.live,,,1.0,,,,unknown,BF1
abeldanger.org,CP,mixed,,,,,mixed,conspiracy-pseudoscience
ageofautism.com,CP,low,,,,,low,conspiracy-pseudoscience
ageofshitlords.com,FN,low,,,,,low,fake-news
ahtribune.com,CP,mixed,,,,,mixed,conspiracy-pseudoscience
ajuanews.com,FN,very-low,,,,,very-low,fake-news
alabamaobserver.com,FN,low,1.0,,imposter,,low,fake-news
albertatimes.com,,,1.0,,,,unknown,BF1
alertchild.com,,,1.0,,,,unknown,BF1
alhayat.com,FN,mixed,,,,,mixed,fake-news
allenwestrepublic.com,FN,low,,,,,low,fake-news
alternativemediasyndicate.com,FN,mixed,,,,,mixed,fake-news
alternativenewsnetwork.net,CP,mixed,,,,,mixed,conspiracy-pseudoscience
alynews.com,,,1.0,,,,unknown,BF1
amazingnews.net,FN,low,,,,,low,fake-news
americadaily.com,FN,mixed,,,,,mixed,fake-news
americafans.com,FN,low,,,,,low,fake-news
american.news,,,,1.0,,1.0,unknown,FC1
americanflavor.news,FN,very-low,1.0,,fake-news,,very-low,fake-news
americanintelligencereport.com,CP,mixed,,,,,mixed,conspiracy-pseudoscience
americannews.com,,,,,fake-news,,unknown,fake-news
americanpeoplenetwork.com,FN,very-low,,,fake-news,,very-low,fake-news
americanpoliticnews.co,,,,,fake-news,,unknown,fake-news
americanpresident.co,,,,,fake-news,,unknown,fake-news
americanprides.com,,,,1.0,,,unknown,FC1
americanprides.org,FN,low,,,,,low,fake-news
americansarepissed.com,FN,low,,,,,low,fake-news
americantoday.news,FN,low,,,,,low,fake-news
americantoday.us,,,,,fake-news,,unknown,fake-news
americantruthseekers.com,FN,low,,,,,low,fake-news
americanupdater.com,FN,low,,,,,low,fake-news
americasfrontlinedoctors.com,CP,low,,,,,low,conspiracy-pseudoscience
americaslastlineofdefense.org,,,1.0,1.0,,1.0,unknown,BF1
americasnewssource.com,FN,very-low,,,,,very-low,fake-news
americatalks.com,FN,very-low,,,,,very-low,fake-news
amposts.com,,,,,fake-news,,unknown,fake-news
anews-24.com,FN,very-low,,1.0,,,very-low,fake-news
anews24.org,,,,,fake-news,,unknown,fake-news
angrypatriotmovement.com,FN,very-low,,,fake-news,,very-low,fake-news
anonjekloy.tk,,,,,fake-news,,unknown,fake-news
anotherdayintheempire.com,CP,mixed,,,,,mixed,conspiracy-pseudoscience
answersingenesis.org,CP,low,,,,,low,conspiracy-pseudoscience
antinews.com,,,,,fake-news,,unknown,fake-news
antinewsnetwork.com,CP,low,,,,,low,conspiracy-pseudoscience
areyousleep.com,,,1.0,,,,unknown,BF1
armyusanews.com,,,,,fake-news,,unknown,fake-news
asamericanasapplepie.org,,,,1.0,parody,,unknown,parody
asheepnomore.net,CP,low,,,,,low,conspiracy-pseudoscience
associatedmediacoverage.com,,,1.0,,parody,,unknown,parody
attitude.co.uk,,,,,some-fake,,unknown,some-fake
aurora-news.us,FN,mixed,,,imposter,,mixed,fake-news
awdnews.com,CP,mixed,,,,,mixed,conspiracy-pseudoscience
badcriminals.com,,,1.0,,,,unknown,BF1
baldwinpost.com,,,1.0,,,,unknown,BF1
baltimoregazette.com,,,1.0,,,,unknown,BF1
bannedinformation.com,FN,mixed,,1.0,,,mixed,fake-news
beaware.one,FN,low,,,,,low,fake-news
bestthings.us,,,,,some-fake,,unknown,some-fake
bigbluevision.org,FN,low,,,,,low,fake-news
bizstandardnews.com,,,1.0,,,1.0,unknown,BF1
bjreview.com,FN,mixed,,,,,mixed,fake-news
blackinsurancenews.com,,,,,some-fake,,unknown,some-fake
blackpigeonspeaks.com,FN,low,,,,,low,fake-news
bloodandsoil.org,FN,low,,,,,low,fake-news
bloomberg.ma,,,,,,1.0,unknown,unknown
bluedotdaily.com,FN,mixed,,,,,mixed,fake-news
blueinformer.com,FN,low,,,,,low,fake-news
bluelinestrong.net,,,,,some-fake,,unknown,some-fake
bluetribune.com,FN,low,,,,,low,fake-news
bluevision.news,FN,low,,,fake-news,,low,fake-news
bluevisionpost.com,FN,low,,1.0,fake-news,,low,fake-news
borderherald.com,,,1.0,,,,unknown,BF1
borderlandalternativemedia.com,FN,low,,,,,low,fake-news
boston-post.com,,,1.0,,,,unknown,BF1
bostontribune.com,,,,,parody,1.0,unknown,parody
breaking-cnn.com,,,1.0,,,1.0,unknown,BF1
breakingnewsblast.com,,,,,fake-news,,unknown,fake-news
breakingnewshouse.com,FN,low,,,,,low,fake-news
breakingtop.world,FN,very-low,,1.0,fake-news,,very-low,fake-news
breakthrough.holylandnutrition.com,CP,low,,,,,low,conspiracy-pseudoscience
britainfirst.tv,FN,low,,,,,low,fake-news
buzzfeedusa.com,,,,,fake-news,,unknown,fake-news
cartelpress.com,,,1.0,,,,unknown,BF1
cartelreport.com,,,1.0,,,,unknown,BF1
cbinfo24.com,,,,1.0,,,unknown,FC1
cbn.com,CP,mixed,,,,,mixed,conspiracy-pseudoscience
cbsnews.com.co,FN,very-low,,,,1.0,very-low,fake-news
cbsnews10.com,,,1.0,,,,unknown,BF1
celebtricity.com,,,1.0,,,1.0,unknown,BF1
channel16news.com,,,1.0,,,,unknown,BF1
channel17news.com,,,1.0,,,,unknown,BF1
channel5000.com,,,1.0,,,,unknown,BF1
channel55news.com,,,1.0,,,,unknown,BF1
channel56news.com,,,1.0,,,,unknown,BF1
channel59news.com,,,1.0,,,,unknown,BF1
channel60news.com,,,1.0,,,,unknown,BF1
channel62news.com,,,1.0,,,,unknown,BF1
channel63news.com,,,1.0,,,,unknown,BF1
channel65news.com,,,1.0,,,,unknown,BF1
channel66news.com,,,1.0,,,,unknown,BF1
channel68news.com,,,1.0,,,,unknown,BF1
channel77news.com,,,1.0,,,,unknown,BF1
checkpointasia.net,FN,low,,,,,low,fake-news
chicagodaily.pro,FN,low,,,,,low,fake-news
christiantimesnewspaper.com,CP,low,1.0,,imposter,,low,conspiracy-pseudoscience
christiantoday.info,CP,low,,,fake-news,,low,conspiracy-pseudoscience
civictribune.com,S,(satire),1.0,,imposter,,satire,satire
clancyreport.com,,,1.0,,,,unknown,BF1
clear-politics.com,R,mixed,,1.0,,,mixed,right
cnewsgo.com,,,,,fake-news,,unknown,fake-news
cnn-business-news.ga,,,,,imposter,,unknown,imposter
cnn-internationaledition.com,,,1.0,,,,unknown,BF1
cnn-trending.com,,,,,,1.0,unknown,unknown
cnnews3.com,,,,,imposter,,unknown,imposter
coffeebreakforyou.com,,,,,fake-news,,unknown,fake-news
collectivelyconscious.net,CP,low,,,,,low,conspiracy-pseudoscience
conservative101.com,FN,low,,,fake-news,1.0,low,fake-news
conservative7.com,,,,,some-fake,,unknown,some-fake
conservativearmy88.com,FN,low,,1.0,fake-news,,low,fake-news
conservativebyte.com,FN,low,,,,,low,fake-news
conservativeflashnews.com,FN,low,,,fake-news,,low,fake-news
conservativeinfocorner.com,,,,,fake-news,,unknown,fake-news
conservativeinfocorner.us,FN,low,,,,,low,fake-news
conservativepaper.com,,,,,fake-news,,unknown,fake-news
conservativepaper.us,,,,1.0,,,unknown,FC1
conservativepoliticus.com,FN,low,,,some-fake,,low,fake-news
conservativespirit.com,FN,low,,,fake-news,,low,fake-news
conservativeview.info,,,,,fake-news,,unknown,fake-news
consinfo.us,,,,1.0,,,unknown,FC1
consmovement.com,FN,low,,,,,low,fake-news
consnation.com,FN,low,,1.0,,,low,fake-news
conspatriot.com,FN,low,,,,,low,fake-news
conspiracyinquirer.com,FN,very-low,,,,,very-low,fake-news
conspiracyplanet.com,CP,low,,,,,low,conspiracy-pseudoscience
countdowntozerotime.com,CP,low,,,,,low,conspiracy-pseudoscience
countercurrentnews.com,CP,mixed,,,,,mixed,conspiracy-pseudoscience
counterpropa.com,CP,mixed,,,,,mixed,conspiracy-pseudoscience
countynewsroom.info,,,,,,1.0,unknown,unknown
countyweekly.com,,,1.0,,,,unknown,BF1
creationwiki.org,CP,mixed,,,,,mixed,conspiracy-pseudoscience
crusaderjournal.com,CP,mixed,,,,,mixed,conspiracy-pseudoscience
cvikasdrv.com,,,1.0,,,,unknown,BF1
dailycurrant.com,S,(satire),1.0,,,,satire,satire
dailyfeed.news,,,,1.0,fake-news,,unknown,fake-news
dailyfinesser.com,,,1.0,,,,unknown,BF1
dailyinfobox.com,FN,very-low,,,fake-news,,very-low,fake-news
dailynews10.com,,,,,imposter,,unknown,imposter
dailynews11.com,,,1.0,,,,unknown,BF1
dailynews3.com,,,1.0,,,,unknown,BF1
dailynews33.com,,,1.0,,,,unknown,BF1
dailynews5.com,,,1.0,,imposter,,unknown,imposter
dailynewsposts.info,,,,,fake-news,,unknown,fake-news
dailynotify.com,FN,low,,,,,low,fake-news
dailypresser.com,FN,low,,,,,low,fake-news
dailysidnews.com,,,,,fake-news,,unknown,fake-news
dailystormer.com,,,,,some-fake,,unknown,some-fake
dailystormer.name,FN,very-low,,,,,very-low,fake-news
dailythings.world,,,,,fake-news,,unknown,fake-news
dailyusaupdate.com,FN,low,,1.0,fake-news,1.0,low,fake-news
dailyworldinformation.com,FN,very-low,,,,,very-low,fake-news
dailyworldupdate.com,,,1.0,,,,unknown,BF1
dallastimes.us,,,1.0,,,,unknown,BF1
damnleaks.com,,,,,fake-news,,unknown,fake-news
damreports.com,FN,very-low,,,,,very-low,fake-news
dangerandplay.com,FN,low,,,,,low,fake-news
debunkingskeptics.com,CP,low,,,,,low,conspiracy-pseudoscience
defenseusa.club,,,,,fake-news,,unknown,fake-news
defund.com,FN,low,,,,,low,fake-news
democraticmoms.com,FN,low,,,fake-news,,low,fake-news
democraticreview.com,FN,low,,,,,low,fake-news
denverguardian.com,FN,very-low,1.0,,,1.0,very-low,fake-news
denverinquirer.com,,,1.0,,imposter,,unknown,imposter
departedme.com,,,,,fake-news,,unknown,fake-news
departedmedia.com,,,,,fake-news,,unknown,fake-news
deplorablemovement2020.news,FN,low,,,,,low,fake-news
dildothedonald.us,,,1.0,,,,unknown,BF1
diyhours.net,,,,,fake-news,,unknown,fake-news
donaldtrumpliedto.us,,,1.0,,,,unknown,BF1
donaldtrumpnews.co,FN,very-low,,,,,very-low,fake-news
donaldtrumppotus45.com,FN,low,,,fake-news,,low,fake-news
downtrend.com,FN,low,,,,,low,fake-news
drainingtheswamp.info,FN,low,,,,,low,fake-news
drudgereport.com.co,,,,,,1.0,unknown,unknown
drugsofficial.com,,,1.0,,,,unknown,BF1
dublintribune.com,,,1.0,,,,unknown,BF1
eaglerising.com,FN,low,,,,,low,fake-news
earthnews2016.com,FN,mixed,,,,,mixed,fake-news
econewsmedia.org,CP,mixed,,,,,mixed,conspiracy-pseudoscience
embols.com,FN,low,,,,,low,fake-news
en.hawarnews.com,FN,low,,,,,low,fake-news
en.radiovaticana.va,FN,mixed,,,,,mixed,fake-news
en.search.farsnews.com,FN,mixed,,,,,mixed,fake-news
endingthefed.com,FN,low,,,,,low,fake-news
enhlive.com,FN,low,,,fake-news,,low,fake-news
enlightened-planet.com,CP,mixed,,,,,mixed,conspiracy-pseudoscience
everydaybreakingnews.com,,,1.0,,,,unknown,BF1
everynewshere.com,CP,low,,,,,low,conspiracy-pseudoscience
ewao.com,CP,low,,,,,low,conspiracy-pseudoscience
exposinggovernment.com,FN,low,,,,,low,fake-news
factrider.com,,,,,some-fake,,unknown,some-fake
fashthenation.com,FN,very-low,,,,,very-low,fake-news
federalistnation.com,FN,low,,1.0,,,low,fake-news
federalisttribune.com,FN,low,,1.0,fake-news,,low,fake-news
fedsalert.com,S,(satire),1.0,,fake-news,,satire,satire
fergieinfo.com,,,1.0,,,,unknown,BF1
ff911truthandunity.org,CP,mixed,,,,,mixed,conspiracy-pseudoscience
fibrohealthnews.com,FN,very-low,,,,,very-low,fake-news
flashnewscorner.com,FN,very-low,,1.0,fake-news,,very-low,fake-news
florida-times.co,,,1.0,,,,unknown,BF1
floridasunpost.com,FN,very-low,1.0,,parody,,very-low,fake-news
focusnews.info,,,,,fake-news,,unknown,fake-news
folksvideo.com,,,1.0,,,,unknown,BF1
fox-news24.com,,,,,imposter,1.0,unknown,imposter
france24-tv.com,FN,very-low,,,,,very-low,fake-news
freakoutnation.com,FN,low,,,,,low,fake-news
freddymag.com,,,1.0,,,,unknown,BF1
freedomcrossroads.us,,,,1.0,parody,,unknown,parody
freedomlibertynews.com,FN,low,,,,,low,fake-news
freedomsfinalstand.com,FN,low,,,fake-news,,low,fake-news
freeinquirer.com,,,1.0,,,,unknown,BF1
freepatriotpost.com,FN,low,,,,,low,fake-news
freespeechtime.net,FN,low,,,,,low,fake-news
freshdailyreport.com,,,,,fake-news,,unknown,fake-news
fwdnow.com,FN,mixed,,,,,mixed,fake-news
geologyin.com,FN,mixed,,,,,mixed,fake-news
getcancerremedies.com,CP,low,,,,,low,conspiracy-pseudoscience
girlsjustwannahaveguns.com,FN,low,,,,,low,fake-news
givemeliberty01.com,,,,,fake-news,,unknown,fake-news
globalassociatednews.com,,,1.0,,,1.0,unknown,BF1
globalpoliticsnow.com,FN,low,,,fake-news,,low,fake-news
globalrevolutionnetwork.com,,,,,fake-news,,unknown,fake-news
goneleft.com,FN,low,,,,,low,fake-news
goneleft.com,FN,low,,,,,low,fake-news
gotnews.com,FN,low,,,,,low,fake-news
govtslaves.info,CP,low,,,,,low,conspiracy-pseudoscience
guerilla.news,,,,,fake-news,1.0,unknown,fake-news
guerillanews.com,,,,1.0,,,unknown,FC1
gummypost.com,,,,,fake-news,1.0,unknown,fake-news
haarp.net,CP,low,,,,,low,conspiracy-pseudoscience
healtheternally.com,CP,mixed,,,,,mixed,conspiracy-pseudoscience
healthy-vibes.com,CP,low,,,,,low,conspiracy-pseudoscience
healthycareandbeauty.com,,,,,some-fake,,unknown,some-fake
healthyworldhouse.com,,,,,fake-news,,unknown,fake-news
heaviermetal.net,,,1.0,,,,unknown,BF1
hoggwatch.us,,,1.0,,,,unknown,BF1
homeopathyjournal.net,CP,mixed,,,,,mixed,conspiracy-pseudoscience
houstonchronicle-tv.com,,,1.0,1.0,imposter,1.0,unknown,imposter
houstonleader.com,,,1.0,,,,unknown,BF1
ideaspots.com,,,,,some-fake,,unknown,some-fake
identityevropa.com,FN,very-low,,,,,very-low,fake-news
ihavethetruth.com,FN,low,,,,,low,fake-news
ilovenativeamericans.us,CP,mixed,,,some-fake,,mixed,conspiracy-pseudoscience
independentlivingnews.com,CP,mixed,,,,,mixed,conspiracy-pseudoscience
indigenous.club,FN,very-low,,,,,very-low,fake-news
informedowners.com,FN,very-low,,,,,very-low,fake-news
interestingdailynews.com,,,,,fake-news,,unknown,fake-news
interestingthingsdaily.com,,,,,,1.0,unknown,unknown
itaglive.com,FN,very-low,,,,,very-low,fake-news
jacksontelegraph.com,,,1.0,,,,unknown,BF1
jeffereyjaxen.com,CP,mixed,,,,,mixed,conspiracy-pseudoscience
jewsnews.co.il,CP,low,,,some-fake,,low,conspiracy-pseudoscience
jewwatch.com,FN,low,,,,,low,fake-news
joeforamerica.com,FN,low,,,,,low,fake-news
jokerviral.com,,,1.0,,,,unknown,BF1
jonesreport.com,CP,very-low,,,,,very-low,conspiracy-pseudoscience
jookos.com,FN,low,,,,,low,fake-news
kagfeed.com,,,,1.0,,,unknown,FC1
kata33.com,,,1.0,,,,unknown,BF1
kbc14.com,,,,,imposter,,unknown,imposter
kcna.kp,FN,very-low,,,,,very-low,fake-news
kcst7.com,,,,,imposter,,unknown,imposter
kf13.com,,,,,imposter,,unknown,imposter
kmt11.com,,,1.0,,imposter,1.0,unknown,imposter
knightstemplarinternational.com,FN,low,,,,,low,fake-news
knp7.com,,,1.0,,,,unknown,BF1
konkonsagh.biz,,,,,fake-news,,unknown,fake-news
krb7.com,,,,,imposter,,unknown,imposter
kspm33.com,,,1.0,,,,unknown,BF1
kty24news.com,,,,,imposter,,unknown,imposter
ky12news.com,,,1.0,,imposter,,unknown,imposter
ky6news.com,,,1.0,,,,unknown,BF1
kypo6.com,,,1.0,,,,unknown,BF1
ladylibertysnews.com,FN,low,,,fake-news,,low,fake-news
landrypost.com,,,1.0,,,,unknown,BF1
lastresistance.com,FN,low,,,,,low,fake-news
learnprogress.org,FN,low,,,some-fake,,low,fake-news
liberalplug.com,FN,low,,,fake-news,,low,fake-news
liberalsociety.com,FN,low,,,,1.0,low,fake-news
liberalspeak.com,FN,mixed,,,,,mixed,fake-news
liberty-courier.com,FN,low,,,fake-news,,low,fake-news
libertyalliance.com,FN,mixed,,,fake-news,,mixed,fake-news
libertybrief.com,FN,low,,,,,low,fake-news
libertyisviral.com,FN,low,,,,,low,fake-news
libertywritersnews.com,FN,very-low,,,,1.0,very-low,fake-news
linkbeef.com,,,,,,1.0,unknown,unknown
livingresistance.com,CP,mixed,,,,,mixed,conspiracy-pseudoscience
local31news.com,,,,,imposter,,unknown,imposter
localnews33.com,,,1.0,,,,unknown,BF1
lopezreport.com,,,1.0,,,,unknown,BF1
loser.com,FN,mixed,,,,,mixed,fake-news
macedoniaonline.eu,,,,,some-fake,,unknown,some-fake
madamericannetwork.com,FN,low,,,,,low,fake-news
maga2020.us,FN,very-low,,,,,very-low,fake-news
magavoter.com,FN,low,,,,,low,fake-news
majorthoughts.com,,,,,fake-news,,unknown,fake-news
martinlutherking.org,FN,very-low,,,,,very-low,fake-news
maywoodpost.com,,,1.0,,,,unknown,BF1
mbganews.com,FN,low,,,,,low,fake-news
mbynews.com,,,1.0,,,,unknown,BF1
mckenziepost.com,,,1.0,,,,unknown,BF1
mediamass.net,,,1.0,,,1.0,unknown,BF1
mediamaxzone.com,,,,,some-fake,,unknown,some-fake
mediazone.news,FN,low,,,,,low,fake-news
metropolitanworlds.com,,,,,fake-news,,unknown,fake-news
milo.yiannopoulos.net,FN,mixed,,,,,mixed,fake-news
mississippiherald.com,,,1.0,,imposter,,unknown,imposter
mminfo24.com,,,,1.0,,,unknown,FC1
molonlabemedia.com,FN,low,,,,,low,fake-news
morningledger.com,CP,low,,,,,low,conspiracy-pseudoscience
movingleft.com,FN,low,,,,,low,fake-news
mrcblog.com,FN,low,,,,,low,fake-news
mrnewswatch.com,,,1.0,,,,unknown,BF1
msnbc.website,,,1.0,,,,unknown,BF1
muricatoday.com,CP,mixed,,,,,mixed,conspiracy-pseudoscience
mygoogle.ca,FN,very-low,,,,,very-low,fake-news
mynewsguru.com,FN,low,,,,,low,fake-news
myzonetoday.com,FN,mixed,,,,,mixed,fake-news
nachrichten.de.com,,,1.0,,,,unknown,BF1
nahadaily.com,,,,,,1.0,unknown,unknown
.nationalinsiderpolitics.com,,,,,,1.0,unknown,unknown
nationonenews.com,FN,low,,,,,low,fake-news
nativeamericans.us,,,,,some-fake,,unknown,some-fake
nativestuff.us,,,,,fake-news,,unknown,fake-news
naturalawakeningsmag.com,CP,mixed,,,,,mixed,conspiracy-pseudoscience
naturalcuresnotmedicine.info,CP,low,,,,,low,conspiracy-pseudoscience
naturalmedicineteam.com,CP,mixed,,,,,mixed,conspiracy-pseudoscience
nbc.com.co,FN,very-low,,,imposter,,very-low,fake-news
nbc9news.com,,,1.0,,,,unknown,BF1
nbcnews.com.co,,,,,,1.0,unknown,unknown
ncscooper.com,S,(satire),1.0,,,,satire,satire
nephef.com,,,,,fake-news,,unknown,fake-news
nevo.news,FN,low,,,,,low,fake-news
newcenturytimes.com,FN,low,,,,,low,fake-news
newjournal.us,,,1.0,,,,unknown,BF1
newpoliticstoday.com,FN,low,,,fake-news,,low,fake-news
news-hound.com,,,,,,1.0,unknown,unknown
news14kgpn.com,,,1.0,,,,unknown,BF1
news14now.com,,,1.0,,,,unknown,BF1
newsandstoriesfromusa.com,FN,low,,,,,low,fake-news
newsbreakhere.com,,,,,fake-news,1.0,unknown,fake-news
newsbreakingspipe.com,,,,,fake-news,,unknown,fake-news
newsbreakshere.com,FN,low,,,fake-news,,low,fake-news
newsbuzzdaily.com,,,1.0,,,1.0,unknown,BF1
newsbysquad.com,,,,,fake-news,,unknown,fake-news
newschicken.com,FN,low,,,,,low,fake-news
newsconservative.com,FN,very-low,1.0,,fake-news,,very-low,fake-news
newsdaily10.com,,,1.0,,,,unknown,BF1
newsdaily12.com,,,,,imposter,,unknown,imposter
newsdaily27.com,,,1.0,,,,unknown,BF1
newsfeedobserver.com,,,,1.0,,,unknown,FC1
newsformetoday.com,,,,,fake-news,,unknown,fake-news
newshubs.info,,,1.0,,,,unknown,BF1
newsleak.co,,,,,fake-news,,unknown,fake-news
newsnow17.com,,,1.0,,,,unknown,BF1
newsoftrump.com,,,,,fake-news,,unknown,fake-news
newsphd.com,,,,,fake-news,,unknown,fake-news
newsprocession.com,FN,mixed,,,,,mixed,fake-news
newsservis.com,FN,very-low,,,,,very-low,fake-news
newsuptoday.com,FN,low,,,fake-news,,low,fake-news
newswatch33.com,,,1.0,,,1.0,unknown,BF1
nmws.us,FN,low,,,,,low,fake-news
nnettle.com,,,,,fake-news,,unknown,fake-news
nodisinfo.com,CP,low,,,,,low,conspiracy-pseudoscience
nofakenewsonline.us,,,1.0,,,,unknown,BF1
noscomunicamos.com,FN,low,,,,,low,fake-news
notmypot.us,,,1.0,,,,unknown,BF1
npiamerica.org,FN,low,,,,,low,fake-news
nydailynews-tv.com,,,,,imposter,,unknown,imposter
nyeveningnews.com,,,,1.0,,,unknown,FC1
nymeta.co,,,1.0,,,,unknown,BF1
observeronline.news,S,(satire),,,imposter,,satire,satire
onlineconservativepress.com,FN,low,,,,,low,fake-news
openmagazines.com,FN,very-low,,,fake-news,,very-low,fake-news
oppositionreport.com,FN,mixed,,,,,mixed,fake-news
oureyeonislam.com,FN,low,,,,,low,fake-news
ourhealthguides.com,CP,low,,,,,low,conspiracy-pseudoscience
ourlandofthefree.com,,,,1.0,parody,,unknown,parody
ourthoughtsnprayers.com,,,1.0,,,,unknown,BF1
pamelageller.com,FN,low,,,,,low,fake-news
patriotbeacon.com,FN,low,,,,,low,fake-news
patriotbeat.com,FN,mixed,,,,,mixed,fake-news
patriothangout.com,FN,low,,1.0,,,low,fake-news
patrioticexpress.com,FN,low,,,,,low,fake-news
patriotreport.com,FN,low,,,,,low,fake-news
patriotsvoice.info,FN,low,,,,,low,fake-news
patriotswalk.us,,,,1.0,,,unknown,FC1
patriotupdate.com,FN,low,,,,,low,fake-news
patriotusa.website,,,,,fake-news,,unknown,fake-news
persecutes.com,,,1.0,,fake-news,,unknown,fake-news
plymouthpatriotpost.com,FN,low,,,,,low,fake-news
pmnightlynews.com,FN,mixed,,,,,mixed,fake-news
policetask.com,,,,1.0,,,unknown,FC1
polipace.com,FN,mixed,,,,,mixed,fake-news
politicalblindspot.com,CP,low,,,,,low,conspiracy-pseudoscience
politicalears.com,FN,low,,,,,low,fake-news
politicalinbox.com,FN,low,,,,,low,fake-news
politicalmayhem.news,FN,low,,,fake-news,,low,fake-news
politicalsitenews.com,FN,low,,,,,low,fake-news
politicalstate.org,FN,mixed,,,,,mixed,fake-news
politicoinfo.com,FN,low,,,,,low,fake-news
politicops.com,S,(satire),1.0,1.0,parody,,satire,satire
politicot.com,,,1.0,1.0,parody,,unknown,parody
politicot.comuspoln.com,,,,1.0,,,unknown,FC1
politicsfocus.com,,,,1.0,,,unknown,FC1
politicslive.net,FN,very-low,,,,,very-low,fake-news
politicspaper.com,,,,,fake-news,,unknown,fake-news
politicsusanews.com,FN,very-low,,,fake-news,,very-low,fake-news
positivedaily.com,,,,,some-fake,,unknown,some-fake
potatriotpost.com,,,1.0,,,,unknown,BF1
potatriotpost.us,,,1.0,,,,unknown,BF1
powerdaily.us,,,,1.0,,,unknown,FC1
powerofnative.com,FN,very-low,,,,,very-low,fake-news
president45donaldtrump.com,FN,low,,1.0,fake-news,,low,fake-news
prideof-america.org,FN,low,,,,,low,fake-news
proamericanews.com,FN,low,,,,,low,fake-news
progresstribune.com,FN,mixed,,,,,mixed,fake-news
projectpurge.com,FN,low,,,,,low,fake-news
proud-patriots.com,FN,low,,,,,low,fake-news
proudcons.com,FN,low,,,,,low,fake-news
proudleader.com,FN,low,,,fake-news,,low,fake-news
qpolitical.com,FN,mixed,,,,,mixed,fake-news
qualitysharing.com,,,1.0,,,,unknown,BF1
react365.com,FN,very-low,1.0,,imposter,1.0,very-low,fake-news
readconservatives.news,FN,low,,,fake-news,,low,fake-news
reagancoalition.com,FN,low,,,,,low,fake-news
reaganwasright.com,,,1.0,,,,unknown,BF1
realtimepolitics.com,FN,low,,,,,low,fake-news
redcountry.us,FN,low,1.0,,fake-news,,low,fake-news
redflagnews.com,R,mixed,,,,1.0,mixed,right
redinfo.us,FN,very-low,1.0,,fake-news,,very-low,fake-news
redpeople.us,FN,very-low,,,,,very-low,fake-news
redpolitics.us,FN,low,,,fake-news,,low,fake-news
redrocktribune.com,FN,low,,,imposter,,low,fake-news
redstatejournalist.com,FN,low,,,,,low,fake-news
redstatepundit.com,FN,low,,,,,low,fake-news
redstatewave.com,FN,low,,,,,low,fake-news
reedcooper.net,FN,low,,,,,low,fake-news
reflectionofmind.org,CP,low,,,some-fake,,low,conspiracy-pseudoscience
religionmind.com,CP,mixed,,,fake-news,,mixed,conspiracy-pseudoscience
resistancereport.com,FN,mixed,,,,,mixed,fake-news
revolutions2040.com,,,,,fake-news,,unknown,fake-news
rickwells.us,FN,mixed,,,,,mixed,fake-news
rightalerts.com,FN,low,,,,,low,fake-news
rilenews.com,S,(satire),1.0,,,,satire,satire
rrtribune.com,FN,low,,,,,low,fake-news
rumorjournal.com,,,,,fake-news,,unknown,fake-news
rwnofficial.com,FN,low,,1.0,,,low,fake-news
satiratribune.com,S,(satire),1.0,,parody,,satire,satire
saynotopot.us,,,1.0,,,,unknown,BF1
scaryhours.com,,,1.0,,,,unknown,BF1
sciencefactz.com,CP,mixed,,,,,mixed,conspiracy-pseudoscience
secretsofthefed.com,CP,mixed,,,,,mixed,conspiracy-pseudoscience
shafaaq.com,FN,mixed,,,,,mixed,fake-news
sharednewsreport.com,FN,low,,,,,low,fake-news
shariawatch.org.uk,FN,very-low,,,,,very-low,fake-news
simpleorganicmedicine.com,CP,mixed,,,,,mixed,conspiracy-pseudoscience
sitsshow.blogspot.com,CP,low,,,,,low,conspiracy-pseudoscience
smhwtfnews.com,,,1.0,,,,unknown,BF1
smoloko.com,FN,very-low,,,,,very-low,fake-news
snoopack.com,,,,1.0,fake-news,1.0,unknown,fake-news
snopesisridiculo.us,,,1.0,,,,unknown,BF1
socialeverythings.com,,,,,fake-news,,unknown,fake-news
southernconservativeextra.com,,,,,fake-news,,unknown,fake-news
southjerseymechanic.com,FN,low,,,,,low,fake-news
sp.neuronation.com,CP,mixed,,,,,mixed,conspiracy-pseudoscience
speakgov.com,FN,low,,,,,low,fake-news
specialnewsusa.com,,,,1.0,,,unknown,FC1
speisa.com,FN,low,,,,,low,fake-news
spinzon.com,FN,low,,,fake-news,1.0,low,fake-news
statefort.com,FN,very-low,,,,,very-low,fake-news
states-tv.com,FN,low,,,fake-news,,low,fake-news
studionewsnetwork.com,FN,mixed,,,,,mixed,fake-news
success-street.com,,,,,fake-news,,unknown,fake-news
sundayinquirer.com,FN,very-low,1.0,,,,very-low,fake-news
supremepatriot.com,FN,low,,,fake-news,,low,fake-news
surenews.com,FN,low,,,,,low,fake-news
surreytelegraph.com,,,1.0,,,,unknown,BF1
svijmedia.com,FN,low,,,,,low,fake-news
sydneybulletin.com,,,1.0,,,,unknown,BF1
tashnews.com,FN,low,,,,,low,fake-news
tdnewswire.com,FN,very-low,,,,,very-low,fake-news
tdtalliance.com,FN,low,,,fake-news,,low,fake-news
teddystick.com,FN,low,,1.0,some-fake,,low,fake-news
telegraphsun.com,,,1.0,,,,unknown,BF1
thatviralfeed.net,,,,,some-fake,,unknown,some-fake
the-global-news.com,,,,,fake-news,,unknown,fake-news
the-insider.co,,,,,fake-news,,unknown,fake-news
theamericanews.co,,,,1.0,,,unknown,FC1
theantimedia.org,CP,mixed,,,,,mixed,conspiracy-pseudoscience
theaware.net,CP,low,,,,,low,conspiracy-pseudoscience
thebostontribune.com,FN,low,1.0,,,,low,fake-news
thebreakingnews.co,,,1.0,,,,unknown,BF1
thebreakingnews.today,FN,low,,,,,low,fake-news
thecontroversialfiles.net,CP,low,,,,,low,conspiracy-pseudoscience
thedailycheck.net,CP,mixed,,,,,mixed,conspiracy-pseudoscience
thedeplorablesociety.com,FN,low,,,,,low,fake-news
theearthchild.co.za,CP,mixed,,,,,mixed,conspiracy-pseudoscience
theeventchronicle.com,CP,low,,,,,low,conspiracy-pseudoscience
theexaminer.site,,,,1.0,fake-news,,unknown,fake-news
thefreepatriot.org,FN,low,,,,,low,fake-news
thefrt.com,,,1.0,,,,unknown,BF1
thegoodlordabove.com,FN,mixed,,,,,mixed,fake-news
thegopwatchdog.com,FN,low,,,,,low,fake-news
thehealthconsciousness.com,CP,low,,,,,low,conspiracy-pseudoscience
theinternationalreporter.org,CP,mixed,,,,,mixed,conspiracy-pseudoscience
theinternetpost.net,CP,mixed,,,fake-news,,mixed,conspiracy-pseudoscience
thelapost.com,FN,low,,,,,low,fake-news
thelastgreatstand.com,CP,low,,,,,low,conspiracy-pseudoscience
thelibertyeagle.com,FN,mixed,,,,,mixed,fake-news
thelibertyraise.com,,,,1.0,,,unknown,FC1
themiamigazette.com,,,,,imposter,,unknown,imposter
themindunleashed.org,CP,low,,,,,low,conspiracy-pseudoscience
themoralofthestory.us,,,,,fake-news,,unknown,fake-news
thenationalsun.com,,,1.0,,,,unknown,BF1
thenewyorkevening.com,FN,very-low,1.0,1.0,imposter,1.0,very-low,fake-news
thepeoplestruth.com,FN,low,,,,,low,fake-news
thepoliticaltribune.com,FN,low,,1.0,,,low,fake-news
.thepolitics.online,FN,low,,,,,low,fake-news
thepredicted.com,,,,,,1.0,unknown,unknown
thepremiumnews.com,FN,low,,,fake-news,,low,fake-news
thereporterz.com,,,1.0,,,1.0,unknown,BF1
therightists.com,FN,low,,1.0,parody,,low,fake-news
theseattletribune.com,,,1.0,,parody,,unknown,parody
thetrumpmedia.com,FN,low,,,fake-news,,low,fake-news
thetrumppers.com,,,,1.0,,,unknown,FC1
thetruthdivision.com,FN,low,,,,,low,fake-news
theusa-news.com,FN,low,,,fake-news,,low,fake-news
theusaconservative.com,,,,,fake-news,,unknown,fake-news
theuspatriot.com,FN,low,,,,,low,fake-news
theviralpatriot.com,FN,low,,,,,low,fake-news
thewashingtonpress.com,,,,,imposter,,unknown,imposter
thewashingtonpundit.com,FN,low,,,,,low,fake-news
thewashingtonreporter.com,FN,mixed,,,,,mixed,fake-news
thewashingtonsentinel.com,FN,mixed,,,,,mixed,fake-news
theworldupdate.com,,,,,fake-news,,unknown,fake-news
thirdestatenewsgroup.com,,,,,fake-news,,unknown,fake-news
times.com.mx,S,(satire),,,imposter,,satire,satire
timespolice.com,FN,low,,,,,low,fake-news
tmn.today,FN,low,,,,,low,fake-news
tmzbreaking.com,,,1.0,,,,unknown,BF1
tmzcomedy.com,,,1.0,,,,unknown,BF1
tmzhiphop.com,,,1.0,,,,unknown,BF1
tmzuncut.com,,,1.0,,,,unknown,BF1
tmzworldstar.com,,,1.0,,,,unknown,BF1
tmzworldstarnews.com,,,1.0,,,,unknown,BF1
todaydispatch.com,FN,low,,,,,low,fake-news
topalertnews.com,,,,1.0,,,unknown,FC1
topinfopost.com,CP,low,,,,,low,conspiracy-pseudoscience
topinfopost.con,,,,,some-fake,,unknown,some-fake
toprightnews.com,FN,low,,,,,low,fake-news
toptopic.club,FN,low,,,,,low,fake-news
trainnews.info,,,,1.0,,,unknown,FC1
trueamericans.me,,,,,fake-news,,unknown,fake-news
truebluescoop.com,FN,low,,,,,low,fake-news
truetrumpers.com,FN,,,,fake-news,1.0,unknown,fake-news
trumpbetrayed.us,,,1.0,,,,unknown,BF1
trumpers.online,FN,very-low,,,,,very-low,fake-news
trumpfailedthe.us,,,1.0,,,,unknown,BF1
trumpfooled.us,,,1.0,,,,unknown,BF1
trumphasscrewed.us,,,1.0,,,,unknown,BF1
trumplet.us,,,1.0,,,,unknown,BF1
trumpscrewed.us,,,1.0,,,,unknown,BF1
trumpservativenews.info,FN,low,,,,,low,fake-news
truthbroadcastnetwork.com,CP,low,,,,,low,conspiracy-pseudoscience
truthchannelpolitics.com,CP,low,,,,,low,conspiracy-pseudoscience
truthcommand.com,CP,low,,,,,low,conspiracy-pseudoscience
truthexam.com,FN,low,,,,,low,fake-news
truthfeednews.com,FN,low,,1.0,,,low,fake-news
truthrevolt.org,FN,low,,,,,low,fake-news
tyrannyrising.com,CP,mixed,,,,,mixed,conspiracy-pseudoscience
uconservative.net.,,,,,,1.0,unknown,unknown
undergroundhealth.com,CP,low,,,,,low,conspiracy-pseudoscience
undergroundjournalist.org,FN,low,,,,,low,fake-news
undergroundnewsreport.com,S,(satire),1.0,,fake-news,1.0,satire,satire
uniquewebmagazine.com,FN,low,,,,,low,fake-news
unitednews.org,,,1.0,,,,unknown,BF1
universaleinfo.com,,,1.0,1.0,,,unknown,BF1
universalemedia.net,,,1.0,,,,unknown,BF1
universepolitics.com,FN,low,,,fake-news,,low,fake-news
urbanimagemagazine.com,,,,,some-fake,,unknown,some-fake
urdoca.com,,,,,some-fake,,unknown,some-fake
usa-conservative.com,FN,low,,1.0,,,low,fake-news
usa-radio.com,,,,,fake-news,,unknown,fake-news
usa-television.com,FN,very-low,,1.0,imposter,,very-low,fake-news
usa360-tv.com,,,,,fake-news,,unknown,fake-news
usaconservativereport.com,FN,low,,,fake-news,,low,fake-news
usadailyinfo.com,,,,,fake-news,1.0,unknown,fake-news
usadailypost.us,FN,low,,1.0,fake-news,,low,fake-news
usadailyreview.com,FN,very-low,,,,,very-low,fake-news
usadailythings24.com,,,,,fake-news,,unknown,fake-news
usadailytime.com,FN,low,1.0,,fake-news,,low,fake-news
usadosenews.com,FN,low,,,fake-news,,low,fake-news
usafirstinformation.com,FN,low,,,fake-news,,low,fake-news
usafortrumponline.com,FN,low,,,,,low,fake-news
usainfront.com,FN,low,,,,,low,fake-news
usanetwork.info,FN,very-low,,,,,very-low,fake-news
usanews4u.us,FN,low,,,fake-news,,low,fake-news
usanewsflash.com,FN,low,,,fake-news,,low,fake-news
usanewstoday.org,FN,low,,,,,low,fake-news
usapolitics24hrs.com,,,,,fake-news,,unknown,fake-news
usapoliticsnow.com,FN,low,,,fake-news,,low,fake-news
usapoliticszone.com,,,,,fake-news,,unknown,fake-news
usapubliclife.com,FN,low,,,,,low,fake-news
usasnich.com,,,,,fake-news,,unknown,fake-news
usatoday-go.com,,,1.0,,,,unknown,BF1
usatoday.com.co,,,,,,1.0,unknown,unknown
usatodaynews.me,,,,,imposter,,unknown,imposter
usaviralnewstoday.com,FN,low,,,,,low,fake-news
usaworldbox.com,FN,low,,,fake-news,,low,fake-news
ushealthyadvisor.com,FN,low,,,fake-news,,low,fake-news
ushealthylife.com,,,,,fake-news,,unknown,fake-news
usherald.com,FN,low,,,fake-news,,low,fake-news
usinfonews.com,FN,very-low,,,fake-news,,very-low,fake-news
usjournalreview.com,FN,low,,,,,low,fake-news
uslibertywire.club,FN,very-low,,,,,very-low,fake-news
usnationalnews.org,FN,mixed,,,,,mixed,fake-news
uspoliticsinfo.com,R,mixed,,,fake-news,,mixed,right
uspostman.com,FN,low,,,fake-news,1.0,low,fake-news
ustruthwire.com,,,,,fake-news,,unknown,fake-news
vancouverinquirer.com,,,1.0,,,,unknown,BF1
vice-en-us.com,,,1.0,,,,unknown,BF1
viralactions.com,,,1.0,,fake-news,,unknown,fake-news
viralcords.com,S,(satire),,1.0,,,satire,satire
viraldevil.com,,,1.0,,,,unknown,BF1
viralitythings.us,,,,1.0,,,unknown,FC1
viralliberty.com,FN,very-low,,,,,very-low,fake-news
viralmugshot.com,,,1.0,,,,unknown,BF1
viralpropaganda.com,,,1.0,,,,unknown,BF1
viralspeech.com,,,1.0,,,,unknown,BF1
viralstupid.com,,,1.0,,,,unknown,BF1
voiceofamericatv.com,CP,low,,,,,low,conspiracy-pseudoscience
voiceofeurope.com,FN,low,,,,,low,fake-news
voxtribune.com,,,,,fake-news,,unknown,fake-news
vtamedia.com,,,1.0,,,,unknown,BF1
walkwithher.com,FN,low,,,,,low,fake-news
washingtonevening.com,,,1.0,,imposter,,unknown,imposter
washingtonfeed.com,FN,mixed,,1.0,imposter,,mixed,fake-news
washingtonpost.com.co,,,,,imposter,1.0,unknown,imposter
wazanews.tk,,,,1.0,fake-news,,unknown,fake-news
webdaily.com,FN,low,,,,,low,fake-news
webviners.com,,,,1.0,,,unknown,FC1
weconservative.com,FN,very-low,1.0,,fake-news,,very-low,fake-news
weekendherald.com,,,1.0,,,,unknown,BF1
wellnessachiever.net,CP,mixed,,,,,mixed,conspiracy-pseudoscience
welovenative.com,,,,,some-fake,,unknown,some-fake
werk35.com,,,,,imposter,,unknown,imposter
westernsentinel.com,FN,low,,,,,low,fake-news
westfieldpost.com,,,,,imposter,,unknown,imposter
wetheproudpatriots.com,,,,1.0,fake-news,,unknown,fake-news
wftj8news.com,,,1.0,,,,unknown,BF1
whatdoesitmean.com,CP,low,,,fake-news,,low,conspiracy-pseudoscience
winningdemocrats.com,FN,low,,,,,low,fake-news
witscience.org,S,(satire),1.0,,,,satire,satire
wleb21.com,,,1.0,,,,unknown,BF1
wm21news.com,,,1.0,,,,unknown,BF1
wmb36.com,,,1.0,,,,unknown,BF1
world-politicus.co,,,,1.0,,,unknown,FC1
world.politics.com,,,,,fake-news,,unknown,fake-news
worldnews-24.press,,,,1.0,,,unknown,FC1
worldnewscircle.com,,,,,fake-news,,unknown,fake-news
worldnewspolitics.com,FN,low,,,,,low,fake-news
worldpoliticsnow.com,,,,1.0,fake-news,,unknown,fake-news
worldpoliticus.com,FN,low,,,,,low,fake-news
worstpot.us,,,1.0,,,,unknown,BF1
wrejnews.com,,,1.0,,,,unknown,BF1
wrpm33.com,,,,,imposter,,unknown,imposter
wrpt16.com,,,1.0,,,,unknown,BF1
wy21news.com,,,,,imposter,,unknown,imposter
xbn-news.com,,,,1.0,,,unknown,FC1
yahoonews-us.com,,,1.0,,,,unknown,BF1
yournewswire.com,CP,low,1.0,1.0,fake-news,1.0,low,conspiracy-pseudoscience
zootfeed.com,FN,low,,,,,low,fake-news
thelastlineofdefense.online,,,1.0,,,,unknown,BF1
